Timestamp,Open,High,Low,Close,Volume,Open Interest
2025-06-02 09:15:00,48000.0,48019.09,47986.2,48012.44,671560,0
2025-06-02 09:20:00,48012.44,48021.43,48012.32,48019.19,777823,0
2025-06-02 09:25:00,48019.19,48040.64,48018.72,48035.14,1417940,0
2025-06-02 09:30:00,48035.14,48053.65,48032.54,48047.57,774481,0
2025-06-02 09:35:00,48047.57,48065.29,48046.27,48064.93,882524,0
2025-06-02 09:40:00,48064.93,48089.49,48061.9,48088.39,1011662,0
2025-06-02 09:45:00,48088.39,48106.2,48085.48,48103.62,1205359,0
2025-06-02 09:50:00,48103.62,48142.42,48099.99,48139.54,935498,0
2025-06-02 09:55:00,48139.54,48167.05,48138.74,48159.07,845565,0
2025-06-02 10:00:00,48159.07,48163.67,48148.86,48154.11,1187710,0
2025-06-02 10:05:00,48154.11,48155.75,48144.46,48145.29,1109721,0
2025-06-02 10:10:00,48145.29,48158.82,48140.49,48157.24,1080015,0
2025-06-02 10:15:00,48157.24,48170.61,48146.93,48166.14,948622,0
2025-06-02 10:20:00,48166.14,48170.66,48161.6,48163.54,1461475,0
2025-06-02 10:25:00,48163.54,48170.39,48140.57,48152.48,954874,0
2025-06-02 10:30:00,48152.48,48157.99,48147.45,48153.84,1244820,0
2025-06-02 10:35:00,48153.84,48157.11,48145.01,48151.08,956425,0
2025-06-02 10:40:00,48151.08,48159.09,48127.67,48134.17,1233679,0
2025-06-02 10:45:00,48134.17,48139.05,48130.76,48133.79,1049480,0
2025-06-02 10:50:00,48133.79,48146.55,48130.56,48144.37,854326,0
2025-06-02 10:55:00,48144.37,48147.07,48135.25,48143.71,1149399,0
2025-06-02 11:00:00,48143.71,48143.79,48135.33,48138.73,1158841,0
2025-06-02 11:05:00,48138.73,48149.42,48135.74,48148.72,1026062,0
2025-06-02 11:10:00,48148.72,48158.96,48119.83,48129.19,798520,0
2025-06-02 11:15:00,48129.19,48138.19,48126.51,48131.78,1402758,0
2025-06-02 11:20:00,48131.78,48137.0,48122.62,48129.22,951175,0
2025-06-02 11:25:00,48129.22,48131.62,48111.03,48116.97,543050,0
2025-06-02 11:30:00,48116.97,48123.56,48112.77,48121.88,590735,0
2025-06-02 11:35:00,48121.88,48129.7,48120.24,48125.96,1026936,0
2025-06-02 11:40:00,48125.96,48153.16,48118.72,48151.46,1181299,0
2025-06-02 11:45:00,48151.46,48172.39,48145.56,48162.78,1163640,0
2025-06-02 11:50:00,48162.78,48196.54,48158.25,48188.13,848800,0
2025-06-02 11:55:00,48188.13,48200.52,48183.64,48190.79,946600,0
2025-06-02 12:00:00,48190.79,48197.97,48170.26,48172.47,1342997,0
2025-06-02 12:05:00,48172.47,48218.57,48169.54,48197.97,830602,0
2025-06-02 12:10:00,48197.97,48199.86,48170.26,48176.01,985166,0
2025-06-02 12:15:00,48176.01,48177.01,48156.16,48163.69,1108704,0
2025-06-02 12:20:00,48163.69,48171.02,48148.36,48160.2,871582,0
2025-06-02 12:25:00,48160.2,48172.9,48159.28,48160.39,1295791,0
2025-06-02 12:30:00,48160.39,48168.77,48148.38,48155.21,808359,0
2025-06-02 12:35:00,48155.21,48191.65,48149.28,48185.85,882310,0
2025-06-02 12:40:00,48185.85,48211.23,48184.74,48208.51,1101092,0
2025-06-02 12:45:00,48208.51,48211.66,48203.53,48206.74,641154,0
2025-06-02 12:50:00,48206.74,48207.96,48178.89,48190.05,1131442,0
2025-06-02 12:55:00,48190.05,48192.08,48176.8,48186.03,1085924,0
2025-06-02 13:00:00,48186.03,48193.86,48178.01,48181.04,1485674,0
2025-06-02 13:05:00,48181.04,48192.87,48171.37,48184.21,1511141,0
2025-06-02 13:10:00,48184.21,48212.49,48181.5,48211.22,1573440,0
2025-06-02 13:15:00,48211.22,48217.54,48199.59,48204.14,917016,0
2025-06-02 13:20:00,48204.14,48205.29,48201.74,48204.12,1422314,0
2025-06-02 13:25:00,48204.12,48211.78,48189.62,48207.23,1000914,0
2025-06-02 13:30:00,48207.23,48215.85,48191.7,48197.91,946373,0
2025-06-02 13:35:00,48197.91,48219.74,48197.69,48210.36,917012,0
2025-06-02 13:40:00,48210.36,48217.76,48206.55,48210.67,1402753,0
2025-06-02 13:45:00,48210.67,48215.59,48208.8,48210.39,1074150,0
2025-06-02 13:50:00,48210.39,48222.31,48209.75,48214.64,1089747,0
2025-06-02 13:55:00,48214.64,48266.41,48208.61,48253.14,1106285,0
2025-06-02 14:00:00,48253.14,48257.32,48241.66,48243.9,1407986,0
2025-06-02 14:05:00,48243.9,48248.52,48217.91,48233.1,1005178,0
2025-06-02 14:10:00,48233.1,48236.84,48211.0,48217.2,1051209,0
2025-06-02 14:15:00,48217.2,48227.58,48175.14,48190.19,748813,0
2025-06-02 14:20:00,48190.19,48203.19,48149.21,48169.76,750714,0
2025-06-02 14:25:00,48169.76,48172.17,48149.04,48161.27,746390,0
2025-06-02 14:30:00,48161.27,48166.77,48154.43,48157.5,905970,0
2025-06-02 14:35:00,48157.5,48167.23,48154.81,48156.5,925110,0
2025-06-02 14:40:00,48156.5,48165.29,48153.16,48161.36,1328118,0
2025-06-02 14:45:00,48161.36,48169.09,48160.98,48166.6,1026235,0
2025-06-02 14:50:00,48166.6,48168.84,48158.85,48159.53,1663286,0
2025-06-02 14:55:00,48159.53,48184.58,48154.14,48181.85,777854,0
2025-06-02 15:00:00,48181.85,48207.96,48178.45,48206.11,597899,0
2025-06-02 15:05:00,48206.11,48230.33,48198.25,48227.12,963592,0
2025-06-02 15:10:00,48227.12,48238.3,48225.05,48237.93,1023008,0
2025-06-02 15:15:00,48237.93,48239.97,48227.52,48238.89,234837,0
2025-06-02 15:20:00,48238.89,48240.14,48235.52,48237.61,894825,0
2025-06-02 15:25:00,48237.61,48239.93,48202.06,48214.27,656538,0
2025-06-03 09:15:00,48214.27,48220.9,48210.75,48212.85,1397131,0
2025-06-03 09:20:00,48212.85,48235.91,48205.44,48225.01,1192524,0
2025-06-03 09:25:00,48225.01,48257.94,48219.8,48255.18,1061879,0
2025-06-03 09:30:00,48255.18,48273.13,48248.95,48268.74,714323,0
2025-06-03 09:35:00,48268.74,48288.36,48261.37,48287.16,1317358,0
2025-06-03 09:40:00,48287.16,48324.46,48277.27,48319.86,1143416,0
2025-06-03 09:45:00,48319.86,48323.12,48308.96,48318.47,1198217,0
2025-06-03 09:50:00,48318.47,48324.85,48314.3,48314.51,654836,0
2025-06-03 09:55:00,48314.51,48316.47,48302.99,48310.26,1203896,0
2025-06-03 10:00:00,48310.26,48312.17,48285.09,48285.54,1247747,0
2025-06-03 10:05:00,48285.54,48317.87,48281.82,48304.88,1273991,0
2025-06-03 10:10:00,48304.88,48314.17,48292.68,48295.0,1303401,0
2025-06-03 10:15:00,48295.0,48300.12,48283.8,48290.53,1092231,0
2025-06-03 10:20:00,48290.53,48299.24,48285.09,48297.54,990813,0
2025-06-03 10:25:00,48297.54,48304.97,48291.25,48302.56,707524,0
2025-06-03 10:30:00,48302.56,48316.74,48297.88,48307.42,777645,0
2025-06-03 10:35:00,48307.42,48321.68,48307.35,48316.37,1443413,0
2025-06-03 10:40:00,48316.37,48339.87,48312.88,48334.57,1789305,0
2025-06-03 10:45:00,48334.57,48354.33,48324.47,48341.72,898447,0
2025-06-03 10:50:00,48341.72,48358.29,48331.64,48350.05,666148,0
2025-06-03 10:55:00,48350.05,48355.05,48334.4,48337.16,1221690,0
2025-06-03 11:00:00,48337.16,48351.49,48322.63,48342.6,1043496,0
2025-06-03 11:05:00,48342.6,48346.1,48338.18,48343.2,1044498,0
2025-06-03 11:10:00,48343.2,48359.55,48339.87,48358.11,863100,0
2025-06-03 11:15:00,48358.11,48365.99,48352.94,48364.75,915116,0
2025-06-03 11:20:00,48364.75,48379.83,48364.01,48378.16,1315874,0
2025-06-03 11:25:00,48378.16,48386.31,48352.28,48361.61,382658,0
2025-06-03 11:30:00,48361.61,48366.32,48352.33,48354.12,1096787,0
2025-06-03 11:35:00,48354.12,48379.49,48353.68,48371.14,1491166,0
2025-06-03 11:40:00,48371.14,48387.0,48367.4,48381.73,608823,0
2025-06-03 11:45:00,48381.73,48383.99,48373.33,48378.39,1532955,0
2025-06-03 11:50:00,48378.39,48380.86,48358.79,48365.34,1207648,0
2025-06-03 11:55:00,48365.34,48377.13,48359.5,48365.61,819856,0
2025-06-03 12:00:00,48365.61,48372.34,48360.03,48364.14,1135708,0
2025-06-03 12:05:00,48364.14,48368.65,48361.87,48366.58,1408369,0
2025-06-03 12:10:00,48366.58,48377.35,48359.86,48368.06,907941,0
2025-06-03 12:15:00,48368.06,48390.05,48367.23,48387.63,1202529,0
2025-06-03 12:20:00,48387.63,48435.34,48387.2,48422.27,1221213,0
2025-06-03 12:25:00,48422.27,48454.97,48420.17,48449.65,1129167,0
2025-06-03 12:30:00,48449.65,48470.87,48439.65,48465.63,458003,0
2025-06-03 12:35:00,48465.63,48468.52,48458.9,48460.75,1605590,0
2025-06-03 12:40:00,48460.75,48484.68,48458.56,48478.63,967280,0
2025-06-03 12:45:00,48478.63,48485.87,48474.73,48484.7,928594,0
2025-06-03 12:50:00,48484.7,48511.98,48484.66,48504.79,1879752,0
2025-06-03 12:55:00,48504.79,48526.82,48504.22,48517.8,1239297,0
2025-06-03 13:00:00,48517.8,48526.6,48512.9,48525.53,1167698,0
2025-06-03 13:05:00,48525.53,48529.71,48515.09,48521.92,1127975,0
2025-06-03 13:10:00,48521.92,48525.46,48519.98,48522.6,1284062,0
2025-06-03 13:15:00,48522.6,48524.71,48492.38,48504.91,639957,0
2025-06-03 13:20:00,48504.91,48528.46,48500.38,48522.83,638865,0
2025-06-03 13:25:00,48522.83,48526.25,48479.96,48495.19,1268688,0
2025-06-03 13:30:00,48495.19,48498.11,48476.59,48486.42,954654,0
2025-06-03 13:35:00,48486.42,48491.2,48481.44,48490.66,1124605,0
2025-06-03 13:40:00,48490.66,48509.64,48485.01,48505.31,1561952,0
2025-06-03 13:45:00,48505.31,48510.9,48493.54,48501.95,959410,0
2025-06-03 13:50:00,48501.95,48526.74,48492.79,48523.96,1149492,0
2025-06-03 13:55:00,48523.96,48547.74,48521.68,48537.89,787338,0
2025-06-03 14:00:00,48537.89,48543.76,48528.04,48540.92,1206349,0
2025-06-03 14:05:00,48540.92,48548.14,48525.01,48540.07,768240,0
2025-06-03 14:10:00,48540.07,48545.27,48522.26,48523.82,1027490,0
2025-06-03 14:15:00,48523.82,48524.82,48520.47,48521.75,707782,0
2025-06-03 14:20:00,48521.75,48539.48,48519.33,48535.31,1234767,0
2025-06-03 14:25:00,48535.31,48560.42,48534.77,48547.62,969393,0
2025-06-03 14:30:00,48547.62,48554.11,48538.56,48546.39,739481,0
2025-06-03 14:35:00,48546.39,48552.49,48546.07,48550.38,790276,0
2025-06-03 14:40:00,48550.38,48572.54,48549.38,48567.89,891668,0
2025-06-03 14:45:00,48567.89,48585.54,48558.78,48584.35,1061916,0
2025-06-03 14:50:00,48584.35,48602.61,48583.16,48596.95,626534,0
2025-06-03 14:55:00,48596.95,48629.95,48595.36,48622.1,1234775,0
2025-06-03 15:00:00,48622.1,48629.37,48601.39,48603.24,772654,0
2025-06-03 15:05:00,48603.24,48625.26,48595.83,48612.7,796055,0
2025-06-03 15:10:00,48612.7,48633.35,48605.0,48623.21,1127264,0
2025-06-03 15:15:00,48623.21,48664.33,48615.15,48653.94,1026576,0
2025-06-03 15:20:00,48653.94,48665.37,48652.42,48660.25,499082,0
2025-06-03 15:25:00,48660.25,48677.14,48652.23,48673.5,877963,0
2025-06-04 09:15:00,48673.5,48693.67,48655.85,48688.97,1238772,0
2025-06-04 09:20:00,48688.97,48691.44,48652.45,48667.36,1241976,0
2025-06-04 09:25:00,48667.36,48680.79,48633.76,48641.24,1203086,0
2025-06-04 09:30:00,48641.24,48656.44,48613.41,48618.03,1125680,0
2025-06-04 09:35:00,48618.03,48624.52,48609.11,48614.04,859911,0
2025-06-04 09:40:00,48614.04,48628.31,48589.7,48600.6,343361,0
2025-06-04 09:45:00,48600.6,48653.86,48596.36,48627.16,551763,0
2025-06-04 09:50:00,48627.16,48630.16,48621.49,48623.48,684395,0
2025-06-04 09:55:00,48623.48,48636.37,48607.83,48630.88,1246754,0
2025-06-04 10:00:00,48630.88,48673.71,48627.35,48671.91,1162525,0
2025-06-04 10:05:00,48671.91,48709.35,48670.18,48691.23,979479,0
2025-06-04 10:10:00,48691.23,48732.77,48673.76,48730.94,867455,0
2025-06-04 10:15:00,48730.94,48752.7,48721.84,48749.35,1145267,0
2025-06-04 10:20:00,48749.35,48778.93,48731.63,48775.53,1125630,0
2025-06-04 10:25:00,48775.53,48779.12,48758.5,48759.36,569187,0
2025-06-04 10:30:00,48759.36,48764.41,48712.18,48717.65,439102,0
2025-06-04 10:35:00,48717.65,48722.7,48710.18,48719.85,615917,0
2025-06-04 10:40:00,48719.85,48737.74,48694.89,48734.08,1197233,0
2025-06-04 10:45:00,48734.08,48743.69,48725.53,48741.94,1226825,0
2025-06-04 10:50:00,48741.94,48771.76,48737.38,48766.3,978087,0
2025-06-04 10:55:00,48766.3,48800.83,48761.5,48785.14,966744,0
2025-06-04 11:00:00,48785.14,48795.18,48775.17,48792.61,361805,0
2025-06-04 11:05:00,48792.61,48800.8,48749.04,48773.34,807252,0
2025-06-04 11:10:00,48773.34,48775.45,48733.88,48745.53,1065509,0
2025-06-04 11:15:00,48745.53,48746.13,48702.18,48713.17,869024,0
2025-06-04 11:20:00,48713.17,48719.02,48679.87,48682.19,1349160,0
2025-06-04 11:25:00,48682.19,48689.54,48659.5,48670.34,1055631,0
2025-06-04 11:30:00,48670.34,48683.07,48642.77,48659.14,1261702,0
2025-06-04 11:35:00,48659.14,48669.85,48644.16,48645.17,1408253,0
2025-06-04 11:40:00,48645.17,48660.85,48580.42,48590.09,1713773,0
2025-06-04 11:45:00,48590.09,48598.12,48566.48,48578.42,722497,0
2025-06-04 11:50:00,48578.42,48581.67,48572.67,48581.06,956909,0
2025-06-04 11:55:00,48581.06,48585.38,48572.91,48583.73,1255436,0
2025-06-04 12:00:00,48583.73,48607.26,48536.15,48546.64,1541730,0
2025-06-04 12:05:00,48546.64,48566.12,48511.14,48512.17,1451592,0
2025-06-04 12:10:00,48512.17,48542.8,48508.28,48537.39,858137,0
2025-06-04 12:15:00,48537.39,48543.25,48526.76,48540.11,1628246,0
2025-06-04 12:20:00,48540.11,48586.26,48530.47,48574.37,1427771,0
2025-06-04 12:25:00,48574.37,48597.14,48561.28,48592.51,1281316,0
2025-06-04 12:30:00,48592.51,48615.39,48588.94,48608.72,545995,0
2025-06-04 12:35:00,48608.72,48616.53,48595.32,48610.71,1514473,0
2025-06-04 12:40:00,48610.71,48657.84,48608.04,48643.6,1569647,0
2025-06-04 12:45:00,48643.6,48650.38,48632.15,48648.26,1142376,0
2025-06-04 12:50:00,48648.26,48661.9,48646.33,48646.87,983035,0
2025-06-04 12:55:00,48646.87,48689.72,48646.75,48680.35,1242056,0
2025-06-04 13:00:00,48680.35,48687.95,48669.01,48685.83,982071,0
2025-06-04 13:05:00,48685.83,48698.92,48662.4,48667.75,1207769,0
2025-06-04 13:10:00,48667.75,48669.03,48611.56,48621.99,1546583,0
2025-06-04 13:15:00,48621.99,48628.62,48613.14,48628.21,706022,0
2025-06-04 13:20:00,48628.21,48637.14,48614.73,48633.17,1354768,0
2025-06-04 13:25:00,48633.17,48646.2,48624.48,48627.82,1091922,0
2025-06-04 13:30:00,48627.82,48633.87,48615.78,48618.43,895763,0
2025-06-04 13:35:00,48618.43,48621.69,48594.89,48599.1,1169844,0
2025-06-04 13:40:00,48599.1,48611.04,48591.14,48596.18,1445972,0
2025-06-04 13:45:00,48596.18,48618.34,48547.79,48567.28,1153194,0
2025-06-04 13:50:00,48567.28,48568.52,48544.17,48556.89,250125,0
2025-06-04 13:55:00,48556.89,48575.12,48545.08,48558.76,895431,0
2025-06-04 14:00:00,48558.76,48568.13,48536.23,48539.64,1523850,0
2025-06-04 14:05:00,48539.64,48573.05,48519.69,48569.53,1160101,0
2025-06-04 14:10:00,48569.53,48610.89,48568.16,48609.91,1311563,0
2025-06-04 14:15:00,48609.91,48691.69,48602.51,48682.77,1654999,0
2025-06-04 14:20:00,48682.77,48694.72,48673.26,48689.59,1043407,0
2025-06-04 14:25:00,48689.59,48693.46,48686.06,48693.31,1146086,0
2025-06-04 14:30:00,48693.31,48700.29,48639.56,48649.85,784616,0
2025-06-04 14:35:00,48649.85,48650.73,48626.68,48633.94,1328851,0
2025-06-04 14:40:00,48633.94,48638.2,48591.9,48598.03,1165572,0
2025-06-04 14:45:00,48598.03,48608.58,48583.49,48591.07,1053681,0
2025-06-04 14:50:00,48591.07,48611.59,48545.76,48545.89,1159645,0
2025-06-04 14:55:00,48545.89,48546.18,48526.24,48528.6,1370708,0
2025-06-04 15:00:00,48528.6,48540.88,48485.74,48497.19,1243741,0
2025-06-04 15:05:00,48497.19,48516.11,48470.99,48511.59,560819,0
2025-06-04 15:10:00,48511.59,48517.43,48489.65,48493.93,1099911,0
2025-06-04 15:15:00,48493.93,48504.92,48472.08,48479.16,815136,0
2025-06-04 15:20:00,48479.16,48497.76,48475.08,48481.68,1043361,0
2025-06-04 15:25:00,48481.68,48498.31,48468.88,48475.4,1649480,0
2025-06-05 09:15:00,48475.4,48480.46,48469.6,48473.14,1130432,0
2025-06-05 09:20:00,48473.14,48479.37,48468.49,48476.44,1363786,0
2025-06-05 09:25:00,48476.44,48491.92,48470.03,48489.43,500677,0
2025-06-05 09:30:00,48489.43,48493.5,48487.77,48488.33,834049,0
2025-06-05 09:35:00,48488.33,48497.18,48484.34,48485.14,1140085,0
2025-06-05 09:40:00,48485.14,48485.5,48480.78,48480.81,1156170,0
2025-06-05 09:45:00,48480.81,48497.08,48479.35,48489.33,1219484,0
2025-06-05 09:50:00,48489.33,48489.74,48474.86,48479.28,1310020,0
2025-06-05 09:55:00,48479.28,48483.45,48475.1,48477.41,1369460,0
2025-06-05 10:00:00,48477.41,48479.98,48475.83,48478.31,125324,0
2025-06-05 10:05:00,48478.31,48497.94,48470.2,48480.78,1147899,0
2025-06-05 10:10:00,48480.78,48490.01,48477.43,48484.54,1429948,0
2025-06-05 10:15:00,48484.54,48495.09,48479.57,48479.58,1147240,0
2025-06-05 10:20:00,48479.58,48492.8,48474.86,48492.19,1030149,0
2025-06-05 10:25:00,48492.19,48500.07,48490.99,48493.65,784671,0
2025-06-05 10:30:00,48493.65,48501.53,48492.32,48501.36,1006685,0
2025-06-05 10:35:00,48501.36,48506.94,48496.66,48504.04,700888,0
2025-06-05 10:40:00,48504.04,48515.68,48497.37,48513.74,1181672,0
2025-06-05 10:45:00,48513.74,48526.37,48512.66,48519.17,1247835,0
2025-06-05 10:50:00,48519.17,48525.67,48512.57,48522.7,1116945,0
2025-06-05 10:55:00,48522.7,48524.97,48515.29,48519.38,1460368,0
2025-06-05 11:00:00,48519.38,48540.26,48518.87,48534.08,1179291,0
2025-06-05 11:05:00,48534.08,48544.18,48533.46,48543.61,1294793,0
2025-06-05 11:10:00,48543.61,48547.51,48541.66,48544.08,1192539,0
2025-06-05 11:15:00,48544.08,48545.68,48539.73,48542.88,893578,0
2025-06-05 11:20:00,48542.88,48550.12,48537.07,48548.34,1459985,0
2025-06-05 11:25:00,48548.34,48556.12,48538.73,48543.64,717174,0
2025-06-05 11:30:00,48543.64,48544.93,48540.02,48541.6,1196092,0
2025-06-05 11:35:00,48541.6,48544.42,48539.68,48542.94,1191515,0
2025-06-05 11:40:00,48542.94,48544.65,48511.84,48522.09,1115044,0
2025-06-05 11:45:00,48522.09,48527.01,48509.9,48515.49,1093869,0
2025-06-05 11:50:00,48515.49,48517.77,48505.29,48507.78,1038135,0
2025-06-05 11:55:00,48507.78,48516.39,48503.99,48513.77,1233194,0
2025-06-05 12:00:00,48513.77,48518.35,48501.65,48504.94,1074748,0
2025-06-05 12:05:00,48504.94,48508.98,48491.68,48494.2,1216434,0
2025-06-05 12:10:00,48494.2,48496.26,48475.34,48481.18,1003897,0
2025-06-05 12:15:00,48481.18,48492.68,48471.13,48477.6,1459490,0
2025-06-05 12:20:00,48477.6,48479.54,48476.21,48476.77,1137605,0
2025-06-05 12:25:00,48476.77,48483.6,48471.61,48473.76,1354707,0
2025-06-05 12:30:00,48473.76,48474.04,48460.55,48465.59,1177332,0
2025-06-05 12:35:00,48465.59,48476.16,48464.67,48475.79,716606,0
2025-06-05 12:40:00,48475.79,48483.28,48470.54,48474.83,1072833,0
2025-06-05 12:45:00,48474.83,48498.86,48472.07,48485.65,1484657,0
2025-06-05 12:50:00,48485.65,48490.0,48483.61,48489.29,1036792,0
2025-06-05 12:55:00,48489.29,48491.81,48482.71,48489.89,539895,0
2025-06-05 13:00:00,48489.89,48496.13,48487.08,48494.83,1027255,0
2025-06-05 13:05:00,48494.83,48503.03,48491.74,48502.19,1404684,0
2025-06-05 13:10:00,48502.19,48519.85,48497.61,48517.53,1449289,0
2025-06-05 13:15:00,48517.53,48533.53,48514.71,48530.64,1221456,0
2025-06-05 13:20:00,48530.64,48533.93,48515.87,48522.24,803598,0
2025-06-05 13:25:00,48522.24,48535.0,48515.25,48531.05,962543,0
2025-06-05 13:30:00,48531.05,48532.18,48520.58,48521.06,1073635,0
2025-06-05 13:35:00,48521.06,48529.58,48519.41,48527.88,737478,0
2025-06-05 13:40:00,48527.88,48532.48,48524.35,48532.46,952182,0
2025-06-05 13:45:00,48532.46,48533.73,48522.2,48530.53,980157,0
2025-06-05 13:50:00,48530.53,48540.39,48522.19,48526.39,941733,0
2025-06-05 13:55:00,48526.39,48532.89,48516.78,48517.56,1430714,0
2025-06-05 14:00:00,48517.56,48517.73,48514.16,48514.58,1016045,0
2025-06-05 14:05:00,48514.58,48539.55,48505.16,48528.64,907390,0
2025-06-05 14:10:00,48528.64,48534.19,48526.42,48530.95,896231,0
2025-06-05 14:15:00,48530.95,48544.6,48530.08,48539.75,1332834,0
2025-06-05 14:20:00,48539.75,48545.81,48536.47,48543.17,1050252,0
2025-06-05 14:25:00,48543.17,48550.09,48531.15,48542.68,577127,0
2025-06-05 14:30:00,48542.68,48544.39,48528.84,48530.04,610998,0
2025-06-05 14:35:00,48530.04,48534.09,48504.71,48516.26,1609414,0
2025-06-05 14:40:00,48516.26,48517.97,48502.19,48507.59,470910,0
2025-06-05 14:45:00,48507.59,48512.29,48502.57,48502.97,543035,0
2025-06-05 14:50:00,48502.97,48503.67,48491.58,48493.3,1173612,0
2025-06-05 14:55:00,48493.3,48497.32,48473.35,48477.11,1270812,0
2025-06-05 15:00:00,48477.11,48483.58,48470.12,48471.61,1137111,0
2025-06-05 15:05:00,48471.61,48475.31,48464.4,48474.65,1317441,0
2025-06-05 15:10:00,48474.65,48478.17,48462.54,48471.64,1603181,0
2025-06-05 15:15:00,48471.64,48476.0,48451.0,48457.98,750787,0
2025-06-05 15:20:00,48457.98,48460.27,48438.8,48440.78,1055307,0
2025-06-05 15:25:00,48440.78,48443.95,48425.66,48429.01,795011,0
2025-06-06 09:15:00,48429.01,48453.0,48427.92,48450.13,891574,0
2025-06-06 09:20:00,48450.13,48458.2,48427.46,48438.06,385427,0
2025-06-06 09:25:00,48438.06,48445.82,48434.48,48434.74,1403782,0
2025-06-06 09:30:00,48434.74,48456.99,48429.46,48452.41,1245538,0
2025-06-06 09:35:00,48452.41,48482.42,48449.13,48479.05,1303049,0
2025-06-06 09:40:00,48479.05,48499.54,48472.12,48492.96,1095530,0
2025-06-06 09:45:00,48492.96,48518.6,48492.81,48513.96,1276146,0
2025-06-06 09:50:00,48513.96,48549.22,48506.49,48540.14,830494,0
2025-06-06 09:55:00,48540.14,48583.19,48534.02,48580.08,1220116,0
2025-06-06 10:00:00,48580.08,48609.51,48579.08,48598.93,626438,0
2025-06-06 10:05:00,48598.93,48637.54,48594.27,48628.66,1239225,0
2025-06-06 10:10:00,48628.66,48644.97,48624.13,48641.29,1051584,0
2025-06-06 10:15:00,48641.29,48681.32,48635.44,48678.5,1215292,0
2025-06-06 10:20:00,48678.5,48713.43,48678.21,48710.81,1126898,0
2025-06-06 10:25:00,48710.81,48726.67,48707.0,48722.79,1237962,0
2025-06-06 10:30:00,48722.79,48765.95,48720.6,48757.47,1285307,0
2025-06-06 10:35:00,48757.47,48772.66,48753.96,48772.53,1561314,0
2025-06-06 10:40:00,48772.53,48795.52,48765.54,48794.24,457377,0
2025-06-06 10:45:00,48794.24,48798.9,48789.42,48789.78,1097442,0
2025-06-06 10:50:00,48789.78,48789.91,48775.1,48786.82,1262030,0
2025-06-06 10:55:00,48786.82,48804.33,48784.51,48801.76,435930,0
2025-06-06 11:00:00,48801.76,48827.15,48792.54,48822.2,903777,0
2025-06-06 11:05:00,48822.2,48833.1,48821.89,48827.45,400925,0
2025-06-06 11:10:00,48827.45,48854.06,48825.98,48849.65,366755,0
2025-06-06 11:15:00,48849.65,48864.44,48833.38,48857.22,933607,0
2025-06-06 11:20:00,48857.22,48863.7,48853.27,48858.99,1130028,0
2025-06-06 11:25:00,48858.99,48890.49,48857.8,48879.74,1216572,0
2025-06-06 11:30:00,48879.74,48888.2,48875.29,48881.23,839232,0
2025-06-06 11:35:00,48881.23,48904.18,48879.89,48895.03,1359251,0
2025-06-06 11:40:00,48895.03,48924.9,48894.31,48915.6,1325457,0
2025-06-06 11:45:00,48915.6,48921.89,48907.32,48912.45,1096798,0
2025-06-06 11:50:00,48912.45,48941.06,48909.71,48930.17,1285988,0
2025-06-06 11:55:00,48930.17,48981.28,48925.5,48980.03,1377620,0
2025-06-06 12:00:00,48980.03,49014.41,48973.99,49011.32,1849419,0
2025-06-06 12:05:00,49011.32,49040.95,49005.96,49036.66,1093954,0
2025-06-06 12:10:00,49036.66,49057.02,49029.1,49053.73,1191108,0
2025-06-06 12:15:00,49053.73,49096.81,49051.52,49094.08,1049625,0
2025-06-06 12:20:00,49094.08,49114.54,49091.87,49113.05,1369761,0
2025-06-06 12:25:00,49113.05,49118.1,49108.97,49111.19,1122374,0
2025-06-06 12:30:00,49111.19,49119.0,49103.9,49111.22,1288033,0
2025-06-06 12:35:00,49111.22,49116.08,49104.82,49107.19,538598,0
2025-06-06 12:40:00,49107.19,49121.72,49103.93,49119.58,1115160,0
2025-06-06 12:45:00,49119.58,49148.41,49112.41,49139.78,240875,0
2025-06-06 12:50:00,49139.78,49155.77,49129.53,49154.81,1103370,0
2025-06-06 12:55:00,49154.81,49193.23,49152.84,49186.87,885578,0
2025-06-06 13:00:00,49186.87,49209.36,49183.7,49200.71,1207862,0
2025-06-06 13:05:00,49200.71,49211.61,49192.43,49195.95,969035,0
2025-06-06 13:10:00,49195.95,49223.45,49189.03,49215.19,998997,0
2025-06-06 13:15:00,49215.19,49234.18,49211.79,49231.3,1288952,0
2025-06-06 13:20:00,49231.3,49255.83,49231.25,49252.02,1257526,0
2025-06-06 13:25:00,49252.02,49279.03,49242.84,49265.98,1448103,0
2025-06-06 13:30:00,49265.98,49304.16,49252.93,49299.18,1464624,0
2025-06-06 13:35:00,49299.18,49332.7,49297.9,49332.53,1103967,0
2025-06-06 13:40:00,49332.53,49367.34,49331.47,49359.14,859573,0
2025-06-06 13:45:00,49359.14,49394.52,49355.3,49389.13,1373609,0
2025-06-06 13:50:00,49389.13,49412.58,49384.05,49407.14,599440,0
2025-06-06 13:55:00,49407.14,49428.6,49404.57,49428.11,218153,0
2025-06-06 14:00:00,49428.11,49439.0,49424.22,49432.44,1129822,0
2025-06-06 14:05:00,49432.44,49440.86,49430.09,49430.93,1094557,0
2025-06-06 14:10:00,49430.93,49480.35,49429.14,49471.47,1024739,0
2025-06-06 14:15:00,49471.47,49494.47,49470.86,49491.49,981495,0
2025-06-06 14:20:00,49491.49,49528.02,49478.03,49527.36,1206572,0
2025-06-06 14:25:00,49527.36,49573.01,49521.72,49570.91,1000409,0
2025-06-06 14:30:00,49570.91,49588.19,49565.13,49585.5,1084998,0
2025-06-06 14:35:00,49585.5,49595.74,49577.15,49587.77,481091,0
2025-06-06 14:40:00,49587.77,49609.9,49587.7,49603.32,399578,0
2025-06-06 14:45:00,49603.32,49619.61,49591.05,49618.66,639566,0
2025-06-06 14:50:00,49618.66,49641.59,49616.02,49631.61,1233751,0
2025-06-06 14:55:00,49631.61,49651.81,49627.06,49649.88,848499,0
2025-06-06 15:00:00,49649.88,49686.45,49647.96,49678.41,1196306,0
2025-06-06 15:05:00,49678.41,49692.16,49674.77,49692.02,746533,0
2025-06-06 15:10:00,49692.02,49711.44,49690.13,49704.98,719735,0
2025-06-06 15:15:00,49704.98,49737.15,49701.66,49730.24,938934,0
2025-06-06 15:20:00,49730.24,49767.69,49729.0,49765.76,1327213,0
2025-06-06 15:25:00,49765.76,49766.01,49751.97,49763.66,1050203,0
2025-06-07 09:15:00,49763.66,49790.33,49751.76,49776.21,1125834,0
2025-06-07 09:20:00,49776.21,49785.49,49767.41,49769.64,452470,0
2025-06-07 09:25:00,49769.64,49789.09,49748.82,49750.47,1039325,0
2025-06-07 09:30:00,49750.47,49758.1,49731.61,49740.09,1000823,0
2025-06-07 09:35:00,49740.09,49744.45,49703.78,49707.7,1254725,0
2025-06-07 09:40:00,49707.7,49722.13,49693.5,49713.9,743139,0
2025-06-07 09:45:00,49713.9,49738.38,49707.32,49726.45,1517673,0
2025-06-07 09:50:00,49726.45,49732.39,49724.63,49726.31,969234,0
2025-06-07 09:55:00,49726.31,49747.64,49713.71,49745.97,857332,0
2025-06-07 10:00:00,49745.97,49761.88,49734.88,49759.09,848289,0
2025-06-07 10:05:00,49759.09,49761.67,49744.81,49754.54,834191,0
2025-06-07 10:10:00,49754.54,49760.0,49737.79,49743.51,1011420,0
2025-06-07 10:15:00,49743.51,49744.5,49729.84,49735.62,695427,0
2025-06-07 10:20:00,49735.62,49740.11,49712.52,49720.75,1122939,0
2025-06-07 10:25:00,49720.75,49738.99,49720.57,49727.76,969079,0
2025-06-07 10:30:00,49727.76,49734.85,49717.48,49734.75,656236,0
2025-06-07 10:35:00,49734.75,49744.6,49719.1,49737.33,1116574,0
2025-06-07 10:40:00,49737.33,49756.28,49733.44,49755.2,878457,0
2025-06-07 10:45:00,49755.2,49769.85,49738.62,49758.39,1298770,0
2025-06-07 10:50:00,49758.39,49761.61,49735.86,49745.66,640642,0
2025-06-07 10:55:00,49745.66,49750.82,49737.76,49740.43,1161925,0
2025-06-07 11:00:00,49740.43,49745.75,49729.27,49744.07,697907,0
2025-06-07 11:05:00,49744.07,49752.62,49735.12,49744.61,576169,0
2025-06-07 11:10:00,49744.61,49754.21,49737.14,49740.73,1077955,0
2025-06-07 11:15:00,49740.73,49743.45,49735.05,49737.09,942488,0
2025-06-07 11:20:00,49737.09,49737.65,49731.19,49735.99,1165162,0
2025-06-07 11:25:00,49735.99,49789.9,49733.7,49777.34,978687,0
2025-06-07 11:30:00,49777.34,49796.58,49771.95,49796.25,1447207,0
2025-06-07 11:35:00,49796.25,49812.11,49779.67,49804.1,1516419,0
2025-06-07 11:40:00,49804.1,49819.4,49795.48,49811.78,789150,0
2025-06-07 11:45:00,49811.78,49816.29,49809.78,49816.17,1347307,0
2025-06-07 11:50:00,49816.17,49823.06,49792.65,49792.71,1056171,0
2025-06-07 11:55:00,49792.71,49796.27,49749.37,49766.44,1325841,0
2025-06-07 12:00:00,49766.44,49766.82,49738.34,49739.18,1487172,0
2025-06-07 12:05:00,49739.18,49744.09,49726.67,49730.25,1426539,0
2025-06-07 12:10:00,49730.25,49738.73,49728.58,49736.01,558641,0
2025-06-07 12:15:00,49736.01,49755.79,49730.69,49743.35,1075294,0
2025-06-07 12:20:00,49743.35,49787.13,49742.62,49779.35,1719499,0
2025-06-07 12:25:00,49779.35,49810.53,49777.77,49805.61,1131892,0
2025-06-07 12:30:00,49805.61,49821.51,49804.98,49816.57,575384,0
2025-06-07 12:35:00,49816.57,49824.81,49814.96,49821.63,540777,0
2025-06-07 12:40:00,49821.63,49839.86,49816.49,49837.28,994087,0
2025-06-07 12:45:00,49837.28,49844.53,49816.57,49820.38,1453045,0
2025-06-07 12:50:00,49820.38,49824.91,49803.71,49807.51,1138700,0
2025-06-07 12:55:00,49807.51,49813.69,49798.92,49802.71,552282,0
2025-06-07 13:00:00,49802.71,49806.47,49773.53,49782.37,1224764,0
2025-06-07 13:05:00,49782.37,49799.16,49758.81,49771.1,1117415,0
2025-06-07 13:10:00,49771.1,49774.59,49751.74,49752.74,394198,0
2025-06-07 13:15:00,49752.74,49766.2,49748.7,49751.91,1082109,0
2025-06-07 13:20:00,49751.91,49767.76,49747.8,49766.6,390754,0
2025-06-07 13:25:00,49766.6,49780.55,49759.44,49779.75,1103714,0
2025-06-07 13:30:00,49779.75,49783.48,49770.9,49775.19,621290,0
2025-06-07 13:35:00,49775.19,49799.15,49770.5,49789.27,1647283,0
2025-06-07 13:40:00,49789.27,49809.83,49782.62,49809.14,940579,0
2025-06-07 13:45:00,49809.14,49815.82,49808.5,49815.55,1022809,0
2025-06-07 13:50:00,49815.55,49825.75,49810.88,49814.53,1279495,0
2025-06-07 13:55:00,49814.53,49815.87,49789.53,49795.33,1129409,0
2025-06-07 14:00:00,49795.33,49805.78,49781.86,49785.44,655906,0
2025-06-07 14:05:00,49785.44,49798.35,49781.36,49792.87,1131288,0
2025-06-07 14:10:00,49792.87,49799.18,49782.7,49788.18,837767,0
2025-06-07 14:15:00,49788.18,49792.18,49770.36,49778.13,1238881,0
2025-06-07 14:20:00,49778.13,49816.24,49770.84,49800.21,1131525,0
2025-06-07 14:25:00,49800.21,49805.71,49785.04,49789.5,736394,0
2025-06-07 14:30:00,49789.5,49790.52,49763.75,49772.35,1338372,0
2025-06-07 14:35:00,49772.35,49792.22,49752.3,49755.49,1105902,0
2025-06-07 14:40:00,49755.49,49767.56,49725.45,49733.37,1199715,0
2025-06-07 14:45:00,49733.37,49734.86,49701.26,49709.19,1559571,0
2025-06-07 14:50:00,49709.19,49715.68,49691.96,49715.0,734020,0
2025-06-07 14:55:00,49715.0,49735.17,49707.16,49726.59,580331,0
2025-06-07 15:00:00,49726.59,49741.34,49714.86,49734.16,1035474,0
2025-06-07 15:05:00,49734.16,49742.46,49721.06,49740.33,933154,0
2025-06-07 15:10:00,49740.33,49741.38,49733.67,49737.65,880489,0
2025-06-07 15:15:00,49737.65,49740.78,49734.68,49736.83,881224,0
2025-06-07 15:20:00,49736.83,49751.92,49733.46,49738.34,1007369,0
2025-06-07 15:25:00,49738.34,49746.48,49724.53,49739.68,414578,0
2025-06-08 09:15:00,49739.68,49746.28,49735.86,49743.62,1299478,0
2025-06-08 09:20:00,49743.62,49753.32,49731.49,49751.82,1271750,0
2025-06-08 09:25:00,49751.82,49773.27,49746.75,49769.56,1290883,0
2025-06-08 09:30:00,49769.56,49794.51,49764.52,49785.55,1011970,0
2025-06-08 09:35:00,49785.55,49800.11,49779.12,49799.78,1195566,0
2025-06-08 09:40:00,49799.78,49812.15,49798.52,49811.64,981688,0
2025-06-08 09:45:00,49811.64,49838.44,49808.26,49833.26,1111380,0
2025-06-08 09:50:00,49833.26,49859.03,49825.72,49850.42,474483,0
2025-06-08 09:55:00,49850.42,49863.16,49848.21,49856.73,1229959,0
2025-06-08 10:00:00,49856.73,49858.06,49850.85,49852.57,1222441,0
2025-06-08 10:05:00,49852.57,49862.62,49851.6,49858.64,1343469,0
2025-06-08 10:10:00,49858.64,49874.36,49854.86,49866.32,713048,0
2025-06-08 10:15:00,49866.32,49892.03,49864.66,49886.14,1146254,0
2025-06-08 10:20:00,49886.14,49894.24,49884.01,49890.33,1091630,0
2025-06-08 10:25:00,49890.33,49906.29,49886.79,49903.06,705307,0
2025-06-08 10:30:00,49903.06,49913.57,49891.43,49895.63,1579795,0
2025-06-08 10:35:00,49895.63,49921.17,49891.46,49911.82,1507565,0
2025-06-08 10:40:00,49911.82,49912.83,49900.27,49912.25,1082187,0
2025-06-08 10:45:00,49912.25,49913.4,49892.78,49901.76,1215288,0
2025-06-08 10:50:00,49901.76,49917.08,49895.22,49912.57,407239,0
2025-06-08 10:55:00,49912.57,49917.2,49903.65,49913.85,1142304,0
2025-06-08 11:00:00,49913.85,49920.04,49907.45,49910.64,1337464,0
2025-06-08 11:05:00,49910.64,49919.16,49907.08,49918.42,690609,0
2025-06-08 11:10:00,49918.42,49923.22,49915.71,49922.38,1150434,0
2025-06-08 11:15:00,49922.38,49925.31,49912.85,49916.03,156587,0
2025-06-08 11:20:00,49916.03,49947.31,49912.48,49929.78,1376363,0
2025-06-08 11:25:00,49929.78,49939.65,49923.49,49931.21,1315221,0
2025-06-08 11:30:00,49931.21,49937.71,49910.78,49911.1,742824,0
2025-06-08 11:35:00,49911.1,49916.95,49896.02,49901.01,1270196,0
2025-06-08 11:40:00,49901.01,49903.33,49875.38,49880.35,1491359,0
2025-06-08 11:45:00,49880.35,49889.58,49861.1,49861.29,746703,0
2025-06-08 11:50:00,49861.29,49865.9,49843.04,49850.38,1083018,0
2025-06-08 11:55:00,49850.38,49862.92,49832.98,49835.16,535214,0
2025-06-08 12:00:00,49835.16,49840.39,49819.33,49824.35,1654364,0
2025-06-08 12:05:00,49824.35,49825.76,49813.71,49823.93,805870,0
2025-06-08 12:10:00,49823.93,49833.85,49818.71,49827.95,659276,0
2025-06-08 12:15:00,49827.95,49831.32,49826.36,49827.3,811092,0
2025-06-08 12:20:00,49827.3,49828.66,49821.44,49825.67,1153708,0
2025-06-08 12:25:00,49825.67,49830.15,49823.19,49829.64,1258846,0
2025-06-08 12:30:00,49829.64,49831.41,49828.97,49829.57,1509358,0
2025-06-08 12:35:00,49829.57,49834.0,49804.88,49815.77,1134174,0
2025-06-08 12:40:00,49815.77,49834.9,49814.79,49832.09,913446,0
2025-06-08 12:45:00,49832.09,49839.61,49827.56,49838.16,943432,0
2025-06-08 12:50:00,49838.16,49848.02,49833.53,49843.61,619152,0
2025-06-08 12:55:00,49843.61,49854.25,49842.28,49851.11,1327050,0
2025-06-08 13:00:00,49851.11,49857.89,49849.36,49855.64,995181,0
2025-06-08 13:05:00,49855.64,49868.38,49849.71,49852.31,816899,0
2025-06-08 13:10:00,49852.31,49859.56,49844.22,49858.11,1365820,0
2025-06-08 13:15:00,49858.11,49866.51,49851.27,49860.12,1197751,0
2025-06-08 13:20:00,49860.12,49870.34,49843.92,49847.71,1058964,0
2025-06-08 13:25:00,49847.71,49865.47,49847.55,49864.55,886104,0
2025-06-08 13:30:00,49864.55,49879.84,49864.47,49877.1,825740,0
2025-06-08 13:35:00,49877.1,49883.78,49869.43,49883.38,589829,0
2025-06-08 13:40:00,49883.38,49908.06,49882.19,49893.09,905145,0
2025-06-08 13:45:00,49893.09,49915.05,49889.3,49912.21,976546,0
2025-06-08 13:50:00,49912.21,49924.19,49909.55,49919.95,1337629,0
2025-06-08 13:55:00,49919.95,49921.64,49906.78,49912.09,1237299,0
2025-06-08 14:00:00,49912.09,49938.21,49904.15,49933.82,810345,0
2025-06-08 14:05:00,49933.82,49951.36,49933.23,49948.49,736483,0
2025-06-08 14:10:00,49948.49,49969.67,49941.82,49962.63,1927906,0
2025-06-08 14:15:00,49962.63,49975.37,49959.79,49972.02,503900,0
2025-06-08 14:20:00,49972.02,49978.31,49960.75,49969.08,1531427,0
2025-06-08 14:25:00,49969.08,49975.31,49967.3,49973.12,968370,0
2025-06-08 14:30:00,49973.12,49987.06,49970.07,49986.88,1009961,0
2025-06-08 14:35:00,49986.88,49996.11,49975.5,49988.02,927252,0
2025-06-08 14:40:00,49988.02,49998.0,49987.82,49990.6,1029020,0
2025-06-08 14:45:00,49990.6,49995.86,49965.74,49968.08,1228715,0
2025-06-08 14:50:00,49968.08,49968.99,49944.94,49950.82,1319428,0
2025-06-08 14:55:00,49950.82,49953.51,49943.43,49947.05,1159190,0
2025-06-08 15:00:00,49947.05,49953.61,49946.29,49949.99,1260356,0
2025-06-08 15:05:00,49949.99,49957.98,49944.98,49953.46,775979,0
2025-06-08 15:10:00,49953.46,49962.34,49933.69,49935.17,577128,0
2025-06-08 15:15:00,49935.17,49939.61,49922.41,49924.02,902102,0
2025-06-08 15:20:00,49924.02,49945.02,49919.43,49939.0,1138293,0
2025-06-08 15:25:00,49939.0,49951.73,49933.76,49948.88,1108969,0
2025-06-09 09:15:00,49948.88,49955.91,49947.38,49955.16,1263166,0
2025-06-09 09:20:00,49955.16,49967.72,49949.51,49967.41,1081559,0
2025-06-09 09:25:00,49967.41,49974.37,49952.02,49973.02,870909,0
2025-06-09 09:30:00,49973.02,49990.7,49972.33,49983.25,1752503,0
2025-06-09 09:35:00,49983.25,49985.73,49977.68,49983.47,895640,0
2025-06-09 09:40:00,49983.47,49995.84,49981.24,49989.93,1410055,0
2025-06-09 09:45:00,49989.93,49995.48,49971.07,49993.16,1134408,0
2025-06-09 09:50:00,49993.16,49998.0,49980.29,49986.86,1312443,0
2025-06-09 09:55:00,49986.86,49987.75,49982.7,49983.14,1238052,0
2025-06-09 10:00:00,49983.14,49990.65,49971.77,49973.34,1229323,0
2025-06-09 10:05:00,49973.34,49984.11,49968.61,49978.46,802460,0
2025-06-09 10:10:00,49978.46,49985.04,49966.32,49975.4,1205321,0
2025-06-09 10:15:00,49975.4,49994.71,49955.78,49986.01,540292,0
2025-06-09 10:20:00,49986.01,49990.31,49975.37,49981.3,700285,0
2025-06-09 10:25:00,49981.3,49989.79,49976.54,49978.88,1027621,0
2025-06-09 10:30:00,49978.88,49991.46,49974.67,49987.92,933186,0
2025-06-09 10:35:00,49987.92,50024.35,49974.93,50022.71,873235,0
2025-06-09 10:40:00,50022.71,50022.83,50009.21,50010.06,922716,0
2025-06-09 10:45:00,50010.06,50041.72,50005.0,50037.89,859825,0
2025-06-09 10:50:00,50037.89,50038.15,50032.64,50033.84,463335,0
2025-06-09 10:55:00,50033.84,50033.94,50031.75,50033.25,758936,0
2025-06-09 11:00:00,50033.25,50034.49,50027.88,50028.52,1205130,0
2025-06-09 11:05:00,50028.52,50047.4,50025.33,50045.35,1215452,0
2025-06-09 11:10:00,50045.35,50064.04,50039.83,50061.01,1372206,0
2025-06-09 11:15:00,50061.01,50098.29,50054.97,50085.89,1128538,0
2025-06-09 11:20:00,50085.89,50095.88,50081.36,50095.2,600891,0
2025-06-09 11:25:00,50095.2,50107.12,50094.6,50101.76,794573,0
2025-06-09 11:30:00,50101.76,50103.39,50089.94,50090.99,1227615,0
2025-06-09 11:35:00,50090.99,50123.66,50087.61,50121.73,830435,0
2025-06-09 11:40:00,50121.73,50132.77,50107.96,50114.4,723480,0
2025-06-09 11:45:00,50114.4,50115.58,50108.1,50114.96,911296,0
2025-06-09 11:50:00,50114.96,50140.81,50105.23,50135.18,1383914,0
2025-06-09 11:55:00,50135.18,50154.37,50124.15,50150.04,850919,0
2025-06-09 12:00:00,50150.04,50164.06,50142.81,50155.93,1004086,0
2025-06-09 12:05:00,50155.93,50186.37,50148.72,50169.76,714403,0
2025-06-09 12:10:00,50169.76,50182.51,50162.19,50180.79,1220402,0
2025-06-09 12:15:00,50180.79,50186.26,50152.35,50153.31,1078876,0
2025-06-09 12:20:00,50153.31,50161.55,50149.07,50156.04,949373,0
2025-06-09 12:25:00,50156.04,50159.22,50131.0,50133.9,783565,0
2025-06-09 12:30:00,50133.9,50146.45,50133.02,50140.11,111908,0
2025-06-09 12:35:00,50140.11,50153.27,50122.96,50126.77,471470,0
2025-06-09 12:40:00,50126.77,50143.7,50119.06,50143.6,1167258,0
2025-06-09 12:45:00,50143.6,50159.68,50138.74,50157.14,1750941,0
2025-06-09 12:50:00,50157.14,50188.04,50154.03,50177.01,1441788,0
2025-06-09 12:55:00,50177.01,50204.67,50168.89,50201.7,1401737,0
2025-06-09 13:00:00,50201.7,50251.93,50198.16,50246.69,1133151,0
2025-06-09 13:05:00,50246.69,50260.25,50227.42,50254.04,906321,0
2025-06-09 13:10:00,50254.04,50267.41,50240.54,50263.97,1053642,0
2025-06-09 13:15:00,50263.97,50289.22,50258.2,50287.4,1200919,0
2025-06-09 13:20:00,50287.4,50315.68,50283.93,50315.29,1249350,0
2025-06-09 13:25:00,50315.29,50324.0,50299.7,50321.17,948315,0
2025-06-09 13:30:00,50321.17,50340.21,50313.22,50331.43,1054815,0
2025-06-09 13:35:00,50331.43,50335.04,50288.2,50303.68,1579732,0
2025-06-09 13:40:00,50303.68,50310.66,50295.75,50302.05,542432,0
2025-06-09 13:45:00,50302.05,50308.44,50298.62,50308.21,1056223,0
2025-06-09 13:50:00,50308.21,50357.12,50300.89,50351.3,1468617,0
2025-06-09 13:55:00,50351.3,50386.97,50336.96,50385.65,1115167,0
2025-06-09 14:00:00,50385.65,50415.26,50384.42,50408.49,906710,0
2025-06-09 14:05:00,50408.49,50443.33,50403.95,50438.1,1334499,0
2025-06-09 14:10:00,50438.1,50449.29,50429.83,50447.92,393155,0
2025-06-09 14:15:00,50447.92,50457.66,50439.48,50455.4,1508823,0
2025-06-09 14:20:00,50455.4,50489.07,50452.94,50482.11,1277656,0
2025-06-09 14:25:00,50482.11,50537.37,50474.3,50527.05,1108352,0
2025-06-09 14:30:00,50527.05,50534.4,50519.37,50528.9,937713,0
2025-06-09 14:35:00,50528.9,50541.81,50526.42,50530.7,277211,0
2025-06-09 14:40:00,50530.7,50546.0,50530.4,50541.12,1026105,0
2025-06-09 14:45:00,50541.12,50548.36,50530.43,50542.84,853513,0
2025-06-09 14:50:00,50542.84,50560.04,50531.62,50555.75,1265119,0
2025-06-09 14:55:00,50555.75,50577.9,50542.08,50577.59,1320954,0
2025-06-09 15:00:00,50577.59,50579.74,50556.63,50562.82,725864,0
2025-06-09 15:05:00,50562.82,50564.1,50551.41,50555.9,1211210,0
2025-06-09 15:10:00,50555.9,50562.74,50548.92,50550.89,815817,0
2025-06-09 15:15:00,50550.89,50562.38,50538.46,50540.49,945618,0
2025-06-09 15:20:00,50540.49,50544.22,50501.44,50507.73,1636498,0
2025-06-09 15:25:00,50507.73,50517.78,50470.98,50478.72,1552077,0
2025-06-10 09:15:00,50478.72,50493.54,50462.99,50474.85,935136,0
2025-06-10 09:20:00,50474.85,50491.93,50474.2,50489.16,1411678,0
2025-06-10 09:25:00,50489.16,50518.78,50489.05,50515.1,1676363,0
2025-06-10 09:30:00,50515.1,50521.65,50491.24,50497.73,1117620,0
2025-06-10 09:35:00,50497.73,50503.83,50479.56,50485.82,1142448,0
2025-06-10 09:40:00,50485.82,50491.89,50485.38,50491.06,1197538,0
2025-06-10 09:45:00,50491.06,50495.77,50470.3,50475.52,1858784,0
2025-06-10 09:50:00,50475.52,50478.44,50457.48,50462.38,1311463,0
2025-06-10 09:55:00,50462.38,50464.94,50444.36,50447.8,824592,0
2025-06-10 10:00:00,50447.8,50448.37,50428.11,50434.46,885338,0
2025-06-10 10:05:00,50434.46,50446.67,50395.16,50403.18,762441,0
2025-06-10 10:10:00,50403.18,50410.75,50384.44,50388.92,839070,0
2025-06-10 10:15:00,50388.92,50397.35,50371.06,50375.27,1073073,0
2025-06-10 10:20:00,50375.27,50378.03,50359.43,50361.52,1244026,0
2025-06-10 10:25:00,50361.52,50361.75,50329.11,50342.05,1160874,0
2025-06-10 10:30:00,50342.05,50344.2,50330.48,50342.42,737488,0
2025-06-10 10:35:00,50342.42,50342.65,50340.17,50340.81,973736,0
2025-06-10 10:40:00,50340.81,50346.21,50328.53,50337.31,1016859,0
2025-06-10 10:45:00,50337.31,50346.82,50332.43,50342.35,796606,0
2025-06-10 10:50:00,50342.35,50367.11,50341.57,50353.03,395664,0
2025-06-10 10:55:00,50353.03,50360.88,50340.73,50344.25,1118579,0
2025-06-10 11:00:00,50344.25,50353.52,50336.49,50350.44,1306754,0
2025-06-10 11:05:00,50350.44,50369.19,50344.67,50366.9,990178,0
2025-06-10 11:10:00,50366.9,50377.77,50357.51,50358.88,1281548,0
2025-06-10 11:15:00,50358.88,50362.62,50353.92,50353.98,1455286,0
2025-06-10 11:20:00,50353.98,50366.27,50352.61,50355.36,1541586,0
2025-06-10 11:25:00,50355.36,50366.83,50336.46,50348.52,1238961,0
2025-06-10 11:30:00,50348.52,50350.88,50334.55,50341.44,872775,0
2025-06-10 11:35:00,50341.44,50353.29,50339.88,50349.83,1085607,0
2025-06-10 11:40:00,50349.83,50356.49,50339.72,50345.23,536429,0
2025-06-10 11:45:00,50345.23,50351.46,50342.17,50347.44,1133358,0
2025-06-10 11:50:00,50347.44,50352.46,50339.15,50339.44,893874,0
2025-06-10 11:55:00,50339.44,50352.31,50317.94,50328.99,1202155,0
2025-06-10 12:00:00,50328.99,50329.68,50297.76,50300.52,516857,0
2025-06-10 12:05:00,50300.52,50302.94,50280.52,50293.89,1285029,0
2025-06-10 12:10:00,50293.89,50315.54,50291.6,50306.04,1074590,0
2025-06-10 12:15:00,50306.04,50332.25,50298.82,50321.53,794987,0
2025-06-10 12:20:00,50321.53,50326.3,50310.01,50323.5,1150646,0
2025-06-10 12:25:00,50323.5,50352.56,50314.11,50348.48,1179777,0
2025-06-10 12:30:00,50348.48,50351.75,50343.28,50349.32,715079,0
2025-06-10 12:35:00,50349.32,50369.94,50343.01,50361.2,1349768,0
2025-06-10 12:40:00,50361.2,50363.36,50355.66,50358.59,1311351,0
2025-06-10 12:45:00,50358.59,50367.57,50352.55,50354.52,1207597,0
2025-06-10 12:50:00,50354.52,50368.27,50335.42,50338.42,1294414,0
2025-06-10 12:55:00,50338.42,50343.66,50301.55,50309.43,1230989,0
2025-06-10 13:00:00,50309.43,50316.05,50269.87,50273.33,1603885,0
2025-06-10 13:05:00,50273.33,50274.64,50251.21,50258.72,803819,0
2025-06-10 13:10:00,50258.72,50259.97,50232.68,50237.95,704598,0
2025-06-10 13:15:00,50237.95,50243.2,50203.19,50207.03,1036903,0
2025-06-10 13:20:00,50207.03,50211.36,50171.13,50171.18,1458387,0
2025-06-10 13:25:00,50171.18,50181.74,50143.56,50147.92,911368,0
2025-06-10 13:30:00,50147.92,50158.57,50144.4,50157.22,999968,0
2025-06-10 13:35:00,50157.22,50181.66,50152.02,50172.32,1062740,0
2025-06-10 13:40:00,50172.32,50179.05,50171.96,50172.77,1003858,0
2025-06-10 13:45:00,50172.77,50190.63,50170.67,50182.94,986662,0
2025-06-10 13:50:00,50182.94,50193.2,50179.19,50189.47,1006307,0
2025-06-10 13:55:00,50189.47,50195.57,50165.07,50174.29,1029005,0
2025-06-10 14:00:00,50174.29,50190.19,50172.43,50186.92,1780963,0
2025-06-10 14:05:00,50186.92,50199.01,50163.94,50172.14,825873,0
2025-06-10 14:10:00,50172.14,50175.87,50162.0,50163.71,756986,0
2025-06-10 14:15:00,50163.71,50166.57,50148.41,50154.84,834323,0
2025-06-10 14:20:00,50154.84,50163.94,50141.03,50143.72,1091204,0
2025-06-10 14:25:00,50143.72,50145.45,50131.26,50131.38,864969,0
2025-06-10 14:30:00,50131.38,50141.78,50128.43,50132.63,1151808,0
2025-06-10 14:35:00,50132.63,50134.96,50115.45,50125.42,1188649,0
2025-06-10 14:40:00,50125.42,50128.32,50088.7,50096.56,1077852,0
2025-06-10 14:45:00,50096.56,50101.95,50087.1,50097.56,1047341,0
2025-06-10 14:50:00,50097.56,50099.08,50062.76,50070.96,560062,0
2025-06-10 14:55:00,50070.96,50077.53,50043.13,50043.54,1027388,0
2025-06-10 15:00:00,50043.54,50056.12,50040.38,50050.04,1076190,0
2025-06-10 15:05:00,50050.04,50057.69,50044.58,50052.2,677211,0
2025-06-10 15:10:00,50052.2,50066.47,50050.86,50058.92,980707,0
2025-06-10 15:15:00,50058.92,50079.45,50056.99,50061.23,977537,0
2025-06-10 15:20:00,50061.23,50065.73,50056.21,50056.69,680626,0
2025-06-10 15:25:00,50056.69,50057.12,50048.55,50049.28,1085605,0
2025-06-11 09:15:00,50049.28,50061.42,50041.09,50055.33,1084116,0
2025-06-11 09:20:00,50055.33,50059.3,50051.05,50057.54,960222,0
2025-06-11 09:25:00,50057.54,50087.7,50052.02,50081.73,730339,0
2025-06-11 09:30:00,50081.73,50112.51,50081.61,50110.33,1022166,0
2025-06-11 09:35:00,50110.33,50115.9,50098.72,50114.79,1439945,0
2025-06-11 09:40:00,50114.79,50117.85,50110.16,50114.09,470614,0
2025-06-11 09:45:00,50114.09,50135.26,50109.15,50129.78,937494,0
2025-06-11 09:50:00,50129.78,50141.9,50127.93,50138.36,924826,0
2025-06-11 09:55:00,50138.36,50138.9,50126.35,50131.45,675286,0
2025-06-11 10:00:00,50131.45,50143.56,50127.91,50141.99,1314303,0
2025-06-11 10:05:00,50141.99,50151.94,50139.47,50144.3,1278295,0
2025-06-11 10:10:00,50144.3,50149.28,50135.7,50146.0,1534264,0
2025-06-11 10:15:00,50146.0,50164.09,50141.43,50160.46,1245311,0
2025-06-11 10:20:00,50160.46,50168.77,50158.44,50168.0,1828137,0
2025-06-11 10:25:00,50168.0,50183.57,50165.8,50181.37,763606,0
2025-06-11 10:30:00,50181.37,50208.29,50179.01,50205.17,1438752,0
2025-06-11 10:35:00,50205.17,50221.43,50205.12,50220.99,1062162,0
2025-06-11 10:40:00,50220.99,50227.85,50214.0,50225.73,991154,0
2025-06-11 10:45:00,50225.73,50228.17,50220.53,50225.73,1202687,0
2025-06-11 10:50:00,50225.73,50238.47,50223.02,50237.26,864577,0
2025-06-11 10:55:00,50237.26,50248.5,50233.13,50243.92,738757,0
2025-06-11 11:00:00,50243.92,50244.44,50235.59,50243.74,426225,0
2025-06-11 11:05:00,50243.74,50259.06,50240.75,50252.56,934775,0
2025-06-11 11:10:00,50252.56,50259.55,50252.53,50257.03,861768,0
2025-06-11 11:15:00,50257.03,50260.72,50247.02,50250.57,1285260,0
2025-06-11 11:20:00,50250.57,50251.98,50237.45,50240.64,740308,0
2025-06-11 11:25:00,50240.64,50245.03,50231.94,50244.48,1596545,0
2025-06-11 11:30:00,50244.48,50256.26,50231.63,50235.95,1336833,0
2025-06-11 11:35:00,50235.95,50253.93,50233.62,50249.22,1034102,0
2025-06-11 11:40:00,50249.22,50265.1,50243.57,50264.01,1096573,0
2025-06-11 11:45:00,50264.01,50277.54,50261.27,50272.36,1261284,0
2025-06-11 11:50:00,50272.36,50279.34,50269.68,50274.41,823979,0
2025-06-11 11:55:00,50274.41,50293.19,50273.67,50288.58,1500147,0
2025-06-11 12:00:00,50288.58,50312.44,50284.7,50311.29,1586148,0
2025-06-11 12:05:00,50311.29,50323.22,50309.69,50322.63,789745,0
2025-06-11 12:10:00,50322.63,50325.61,50314.12,50317.82,1941875,0
2025-06-11 12:15:00,50317.82,50323.76,50310.19,50312.6,1484915,0
2025-06-11 12:20:00,50312.6,50320.84,50303.89,50318.14,824448,0
2025-06-11 12:25:00,50318.14,50327.09,50315.07,50315.62,339754,0
2025-06-11 12:30:00,50315.62,50318.16,50304.81,50308.73,1153343,0
2025-06-11 12:35:00,50308.73,50320.36,50305.18,50316.14,1379253,0
2025-06-11 12:40:00,50316.14,50325.64,50313.72,50324.2,1082839,0
2025-06-11 12:45:00,50324.2,50330.28,50320.34,50328.71,1148991,0
2025-06-11 12:50:00,50328.71,50338.31,50325.58,50335.18,669247,0
2025-06-11 12:55:00,50335.18,50352.65,50331.1,50352.28,1328070,0
2025-06-11 13:00:00,50352.28,50364.14,50347.46,50357.5,864957,0
2025-06-11 13:05:00,50357.5,50361.37,50352.1,50361.18,1024400,0
2025-06-11 13:10:00,50361.18,50363.74,50354.71,50357.0,1587236,0
2025-06-11 13:15:00,50357.0,50372.74,50355.32,50362.19,1609292,0
2025-06-11 13:20:00,50362.19,50393.25,50357.37,50384.6,1385739,0
2025-06-11 13:25:00,50384.6,50390.68,50378.59,50389.63,831766,0
2025-06-11 13:30:00,50389.63,50394.97,50385.84,50390.73,1088561,0
2025-06-11 13:35:00,50390.73,50392.2,50380.96,50384.48,1292126,0
2025-06-11 13:40:00,50384.48,50405.28,50380.92,50400.29,257163,0
2025-06-11 13:45:00,50400.29,50407.0,50391.89,50393.78,807303,0
2025-06-11 13:50:00,50393.78,50419.89,50393.67,50413.91,1012616,0
2025-06-11 13:55:00,50413.91,50425.01,50406.35,50423.93,1176841,0
2025-06-11 14:00:00,50423.93,50445.05,50418.41,50439.53,1304457,0
2025-06-11 14:05:00,50439.53,50458.77,50429.48,50446.89,731332,0
2025-06-11 14:10:00,50446.89,50460.52,50446.01,50459.98,1650747,0
2025-06-11 14:15:00,50459.98,50460.11,50456.06,50457.5,791513,0
2025-06-11 14:20:00,50457.5,50470.94,50450.84,50463.38,824935,0
2025-06-11 14:25:00,50463.38,50490.43,50458.53,50490.28,1118493,0
2025-06-11 14:30:00,50490.28,50505.71,50489.72,50502.95,1158749,0
2025-06-11 14:35:00,50502.95,50505.54,50500.07,50504.95,1699875,0
2025-06-11 14:40:00,50504.95,50518.13,50504.02,50510.83,1107223,0
2025-06-11 14:45:00,50510.83,50512.94,50505.06,50506.06,1499672,0
2025-06-11 14:50:00,50506.06,50519.73,50503.03,50513.2,1523918,0
2025-06-11 14:55:00,50513.2,50531.95,50510.91,50520.66,807378,0
2025-06-11 15:00:00,50520.66,50531.67,50513.46,50517.33,916407,0
2025-06-11 15:05:00,50517.33,50537.78,50508.05,50534.54,621664,0
2025-06-11 15:10:00,50534.54,50544.75,50525.21,50542.57,1358249,0
2025-06-11 15:15:00,50542.57,50551.75,50531.42,50548.26,922474,0
2025-06-11 15:20:00,50548.26,50552.5,50543.59,50551.94,848386,0
2025-06-11 15:25:00,50551.94,50558.12,50550.15,50553.13,392560,0
2025-06-12 09:15:00,50553.13,50558.66,50550.68,50551.91,1010063,0
2025-06-12 09:20:00,50551.91,50564.8,50545.81,50554.94,1097004,0
2025-06-12 09:25:00,50554.94,50559.09,50537.97,50546.89,1147367,0
2025-06-12 09:30:00,50546.89,50556.91,50545.88,50553.37,1003648,0
2025-06-12 09:35:00,50553.37,50553.9,50526.38,50535.52,1053547,0
2025-06-12 09:40:00,50535.52,50539.1,50509.33,50510.79,1011607,0
2025-06-12 09:45:00,50510.79,50514.58,50497.85,50504.3,1459519,0
2025-06-12 09:50:00,50504.3,50516.56,50497.74,50509.78,1004678,0
2025-06-12 09:55:00,50509.78,50518.04,50494.04,50497.25,920303,0
2025-06-12 10:00:00,50497.25,50499.54,50468.46,50477.01,1160963,0
2025-06-12 10:05:00,50477.01,50501.72,50474.91,50500.48,1118596,0
2025-06-12 10:10:00,50500.48,50505.88,50485.41,50502.72,757598,0
2025-06-12 10:15:00,50502.72,50509.91,50491.32,50508.4,1259600,0
2025-06-12 10:20:00,50508.4,50527.09,50508.34,50520.87,544740,0
2025-06-12 10:25:00,50520.87,50528.48,50494.97,50498.36,779904,0
2025-06-12 10:30:00,50498.36,50502.15,50485.29,50488.71,1270040,0
2025-06-12 10:35:00,50488.71,50495.28,50460.96,50462.08,1423969,0
2025-06-12 10:40:00,50462.08,50470.87,50455.28,50466.05,784580,0
2025-06-12 10:45:00,50466.05,50494.43,50456.4,50486.2,903803,0
2025-06-12 10:50:00,50486.2,50517.4,50478.82,50513.11,977885,0
2025-06-12 10:55:00,50513.11,50531.46,50512.59,50523.82,1066977,0
2025-06-12 11:00:00,50523.82,50531.12,50514.44,50530.16,787785,0
2025-06-12 11:05:00,50530.16,50538.98,50516.07,50527.8,1245634,0
2025-06-12 11:10:00,50527.8,50533.24,50519.19,50524.03,972883,0
2025-06-12 11:15:00,50524.03,50533.1,50501.35,50503.77,1156948,0
2025-06-12 11:20:00,50503.77,50507.74,50499.58,50501.34,1179157,0
2025-06-12 11:25:00,50501.34,50504.34,50487.49,50492.76,1153814,0
2025-06-12 11:30:00,50492.76,50497.83,50492.38,50492.97,813948,0
2025-06-12 11:35:00,50492.97,50501.13,50468.83,50478.02,1394426,0
2025-06-12 11:40:00,50478.02,50492.34,50473.36,50474.74,1925961,0
2025-06-12 11:45:00,50474.74,50476.59,50460.37,50463.26,1169082,0
2025-06-12 11:50:00,50463.26,50465.99,50450.36,50465.17,1081289,0
2025-06-12 11:55:00,50465.17,50471.77,50459.18,50462.22,974534,0
2025-06-12 12:00:00,50462.22,50467.85,50425.91,50445.3,1005553,0
2025-06-12 12:05:00,50445.3,50450.37,50412.19,50412.57,1327666,0
2025-06-12 12:10:00,50412.57,50417.48,50400.4,50405.08,1139540,0
2025-06-12 12:15:00,50405.08,50409.58,50376.48,50383.14,753185,0
2025-06-12 12:20:00,50383.14,50390.75,50376.05,50385.76,1024852,0
2025-06-12 12:25:00,50385.76,50403.12,50379.49,50390.33,1076023,0
2025-06-12 12:30:00,50390.33,50395.99,50383.17,50393.23,565066,0
2025-06-12 12:35:00,50393.23,50397.33,50371.25,50376.26,674443,0
2025-06-12 12:40:00,50376.26,50381.51,50347.83,50350.43,720566,0
2025-06-12 12:45:00,50350.43,50356.39,50315.35,50315.97,818098,0
2025-06-12 12:50:00,50315.97,50323.66,50288.88,50298.32,1026302,0
2025-06-12 12:55:00,50298.32,50304.47,50294.16,50301.44,1364609,0
2025-06-12 13:00:00,50301.44,50309.45,50287.3,50290.42,952243,0
2025-06-12 13:05:00,50290.42,50292.74,50279.86,50287.27,851214,0
2025-06-12 13:10:00,50287.27,50287.72,50274.62,50279.73,730146,0
2025-06-12 13:15:00,50279.73,50288.64,50270.18,50285.26,1390109,0
2025-06-12 13:20:00,50285.26,50318.99,50274.9,50311.72,1157918,0
2025-06-12 13:25:00,50311.72,50325.11,50285.01,50286.86,946691,0
2025-06-12 13:30:00,50286.86,50287.32,50255.55,50260.02,698390,0
2025-06-12 13:35:00,50260.02,50270.98,50231.64,50239.44,1363826,0
2025-06-12 13:40:00,50239.44,50243.4,50211.94,50219.91,1320054,0
2025-06-12 13:45:00,50219.91,50229.23,50211.82,50220.87,749004,0
2025-06-12 13:50:00,50220.87,50222.74,50214.0,50217.53,1117806,0
2025-06-12 13:55:00,50217.53,50227.32,50190.76,50197.09,1157940,0
2025-06-12 14:00:00,50197.09,50201.64,50186.89,50201.31,1310957,0
2025-06-12 14:05:00,50201.31,50203.79,50184.94,50189.64,1551656,0
2025-06-12 14:10:00,50189.64,50192.09,50165.86,50166.64,787323,0
2025-06-12 14:15:00,50166.64,50178.34,50154.78,50158.34,1160058,0
2025-06-12 14:20:00,50158.34,50158.62,50106.73,50109.0,1001159,0
2025-06-12 14:25:00,50109.0,50111.37,50103.72,50105.01,906783,0
2025-06-12 14:30:00,50105.01,50113.23,50061.86,50068.83,547894,0
2025-06-12 14:35:00,50068.83,50071.73,50028.66,50041.31,1368185,0
2025-06-12 14:40:00,50041.31,50050.78,50013.62,50018.99,1414335,0
2025-06-12 14:45:00,50018.99,50026.78,49983.38,49986.33,854745,0
2025-06-12 14:50:00,49986.33,49988.35,49964.07,49967.66,1259533,0
2025-06-12 14:55:00,49967.66,49972.17,49943.97,49947.18,1084138,0
2025-06-12 15:00:00,49947.18,49948.28,49924.31,49928.3,1712943,0
2025-06-12 15:05:00,49928.3,49936.95,49905.88,49929.86,1162612,0
2025-06-12 15:10:00,49929.86,49935.05,49922.54,49929.94,867201,0
2025-06-12 15:15:00,49929.94,49934.64,49913.99,49915.26,1114875,0
2025-06-12 15:20:00,49915.26,49926.29,49914.08,49920.02,822820,0
2025-06-12 15:25:00,49920.02,49935.96,49908.36,49930.34,957650,0
2025-06-13 09:15:00,49930.34,49943.34,49927.72,49942.07,1077894,0
2025-06-13 09:20:00,49942.07,49943.24,49939.87,49939.96,1000168,0
2025-06-13 09:25:00,49939.96,49941.74,49923.27,49923.52,997773,0
2025-06-13 09:30:00,49923.52,49925.71,49913.36,49918.19,538230,0
2025-06-13 09:35:00,49918.19,49921.62,49907.17,49914.73,1251937,0
2025-06-13 09:40:00,49914.73,49915.77,49900.55,49901.7,1118441,0
2025-06-13 09:45:00,49901.7,49908.38,49901.41,49904.27,1138941,0
2025-06-13 09:50:00,49904.27,49916.91,49902.72,49913.3,234036,0
2025-06-13 09:55:00,49913.3,49915.65,49906.42,49910.99,1061275,0
2025-06-13 10:00:00,49910.99,49921.11,49909.93,49910.9,721942,0
2025-06-13 10:05:00,49910.9,49921.97,49910.76,49916.22,941674,0
2025-06-13 10:10:00,49916.22,49921.82,49915.08,49921.26,564323,0
2025-06-13 10:15:00,49921.26,49923.88,49910.24,49910.28,872464,0
2025-06-13 10:20:00,49910.28,49915.38,49905.95,49914.13,935822,0
2025-06-13 10:25:00,49914.13,49919.56,49905.71,49918.11,819228,0
2025-06-13 10:30:00,49918.11,49921.34,49918.0,49919.44,856462,0
2025-06-13 10:35:00,49919.44,49921.72,49902.06,49906.87,544825,0
2025-06-13 10:40:00,49906.87,49911.57,49894.98,49897.59,1226724,0
2025-06-13 10:45:00,49897.59,49898.76,49879.84,49888.17,898841,0
2025-06-13 10:50:00,49888.17,49894.07,49884.97,49890.38,1326617,0
2025-06-13 10:55:00,49890.38,49895.97,49875.16,49878.34,1561535,0
2025-06-13 11:00:00,49878.34,49880.92,49868.5,49880.74,405296,0
2025-06-13 11:05:00,49880.74,49885.1,49875.79,49883.5,1033432,0
2025-06-13 11:10:00,49883.5,49890.44,49882.89,49886.21,1382086,0
2025-06-13 11:15:00,49886.21,49888.47,49881.44,49887.96,715183,0
2025-06-13 11:20:00,49887.96,49916.29,49886.25,49914.61,1290810,0
2025-06-13 11:25:00,49914.61,49942.65,49907.42,49939.09,1543456,0
2025-06-13 11:30:00,49939.09,49943.63,49933.36,49943.15,1178151,0
2025-06-13 11:35:00,49943.15,49943.6,49938.05,49939.32,1596658,0
2025-06-13 11:40:00,49939.32,49957.33,49939.04,49957.13,976984,0
2025-06-13 11:45:00,49957.13,49973.96,49955.24,49972.48,1370366,0
2025-06-13 11:50:00,49972.48,49972.66,49965.4,49972.49,1211294,0
2025-06-13 11:55:00,49972.49,49994.12,49965.94,49990.88,838129,0
2025-06-13 12:00:00,49990.88,50002.82,49989.86,49998.59,1270210,0
2025-06-13 12:05:00,49998.59,50008.76,49992.7,50002.43,604816,0
2025-06-13 12:10:00,50002.43,50018.03,49996.32,50008.78,462987,0
2025-06-13 12:15:00,50008.78,50028.3,50001.86,50024.1,985640,0
2025-06-13 12:20:00,50024.1,50041.21,50018.23,50038.75,1256437,0
2025-06-13 12:25:00,50038.75,50039.74,50019.14,50024.24,1078047,0
2025-06-13 12:30:00,50024.24,50028.23,50012.76,50017.13,1428540,0
2025-06-13 12:35:00,50017.13,50029.03,50013.85,50024.19,1114928,0
2025-06-13 12:40:00,50024.19,50028.81,50018.75,50027.75,731201,0
2025-06-13 12:45:00,50027.75,50028.83,50020.64,50027.1,990686,0
2025-06-13 12:50:00,50027.1,50041.77,50026.06,50036.93,1227539,0
2025-06-13 12:55:00,50036.93,50044.12,50034.08,50038.19,649189,0
2025-06-13 13:00:00,50038.19,50048.34,50037.38,50040.95,1148102,0
2025-06-13 13:05:00,50040.95,50052.17,50038.66,50047.53,614727,0
2025-06-13 13:10:00,50047.53,50052.35,50042.96,50044.56,923510,0
2025-06-13 13:15:00,50044.56,50049.08,50044.5,50048.81,1218306,0
2025-06-13 13:20:00,50048.81,50048.99,50042.95,50044.35,546637,0
2025-06-13 13:25:00,50044.35,50051.37,50034.25,50035.97,644790,0
2025-06-13 13:30:00,50035.97,50036.47,50014.07,50021.06,1018509,0
2025-06-13 13:35:00,50021.06,50031.62,50018.95,50030.05,644192,0
2025-06-13 13:40:00,50030.05,50043.19,50026.18,50041.69,813959,0
2025-06-13 13:45:00,50041.69,50048.76,50041.0,50047.18,1148816,0
2025-06-13 13:50:00,50047.18,50050.09,50039.96,50047.16,1314796,0
2025-06-13 13:55:00,50047.16,50049.7,50038.0,50041.32,673757,0
2025-06-13 14:00:00,50041.32,50057.76,50037.17,50050.13,968191,0
2025-06-13 14:05:00,50050.13,50053.26,50047.52,50051.42,758583,0
2025-06-13 14:10:00,50051.42,50059.68,50045.79,50059.17,987791,0
2025-06-13 14:15:00,50059.17,50082.0,50055.96,50074.49,719456,0
2025-06-13 14:20:00,50074.49,50087.52,50071.23,50083.7,1281579,0
2025-06-13 14:25:00,50083.7,50090.58,50080.98,50090.26,463388,0
2025-06-13 14:30:00,50090.26,50096.77,50087.76,50095.93,627116,0
2025-06-13 14:35:00,50095.93,50113.34,50095.58,50104.13,1022469,0
2025-06-13 14:40:00,50104.13,50119.05,50099.54,50109.94,1090018,0
2025-06-13 14:45:00,50109.94,50112.39,50105.0,50105.22,1427806,0
2025-06-13 14:50:00,50105.22,50123.18,50103.53,50121.17,1827601,0
2025-06-13 14:55:00,50121.17,50124.88,50113.22,50122.32,1424575,0
2025-06-13 15:00:00,50122.32,50143.12,50116.1,50132.28,1487248,0
2025-06-13 15:05:00,50132.28,50140.01,50124.9,50136.39,1460982,0
2025-06-13 15:10:00,50136.39,50145.64,50133.5,50145.47,815706,0
2025-06-13 15:15:00,50145.47,50147.54,50135.23,50143.53,1268192,0
2025-06-13 15:20:00,50143.53,50157.87,50141.97,50154.72,976291,0
2025-06-13 15:25:00,50154.72,50164.27,50150.76,50161.46,1349288,0
2025-06-14 09:15:00,50161.46,50173.91,50148.03,50163.77,1200809,0
2025-06-14 09:20:00,50163.77,50192.91,50156.63,50179.88,1042361,0
2025-06-14 09:25:00,50179.88,50194.01,50176.88,50179.77,1401461,0
2025-06-14 09:30:00,50179.77,50199.29,50162.74,50184.55,1523358,0
2025-06-14 09:35:00,50184.55,50191.64,50180.39,50183.39,562628,0
2025-06-14 09:40:00,50183.39,50218.17,50168.42,50213.87,1167892,0
2025-06-14 09:45:00,50213.87,50255.21,50204.53,50252.4,1408383,0
2025-06-14 09:50:00,50252.4,50279.1,50249.85,50275.29,1689102,0
2025-06-14 09:55:00,50275.29,50275.34,50260.62,50260.78,1193301,0
2025-06-14 10:00:00,50260.78,50264.23,50245.52,50247.37,592481,0
2025-06-14 10:05:00,50247.37,50259.41,50224.86,50243.84,1058699,0
2025-06-14 10:10:00,50243.84,50259.02,50237.63,50253.25,467300,0
2025-06-14 10:15:00,50253.25,50274.86,50213.97,50225.43,1322372,0
2025-06-14 10:20:00,50225.43,50226.3,50196.12,50203.05,1280348,0
2025-06-14 10:25:00,50203.05,50207.96,50188.58,50200.07,1095249,0
2025-06-14 10:30:00,50200.07,50204.75,50143.64,50172.39,1543437,0
2025-06-14 10:35:00,50172.39,50181.75,50151.17,50180.82,645429,0
2025-06-14 10:40:00,50180.82,50219.27,50173.16,50210.62,1099328,0
2025-06-14 10:45:00,50210.62,50224.05,50193.89,50194.44,813450,0
2025-06-14 10:50:00,50194.44,50202.99,50168.07,50173.79,1033615,0
2025-06-14 10:55:00,50173.79,50180.32,50162.78,50164.33,963799,0
2025-06-14 11:00:00,50164.33,50179.2,50162.72,50171.89,1061941,0
2025-06-14 11:05:00,50171.89,50181.31,50147.86,50156.28,1211531,0
2025-06-14 11:10:00,50156.28,50165.03,50155.77,50161.96,1237330,0
2025-06-14 11:15:00,50161.96,50193.44,50160.85,50183.47,1523638,0
2025-06-14 11:20:00,50183.47,50200.38,50180.38,50193.46,1124077,0
2025-06-14 11:25:00,50193.46,50201.14,50148.33,50179.47,957517,0
2025-06-14 11:30:00,50179.47,50184.35,50171.8,50177.14,1474968,0
2025-06-14 11:35:00,50177.14,50182.33,50144.07,50161.44,851202,0
2025-06-14 11:40:00,50161.44,50168.36,50089.09,50119.74,1098530,0
2025-06-14 11:45:00,50119.74,50129.59,50064.48,50072.44,1626292,0
2025-06-14 11:50:00,50072.44,50079.36,50052.11,50054.06,1319241,0
2025-06-14 11:55:00,50054.06,50059.5,50041.93,50044.1,668229,0
2025-06-14 12:00:00,50044.1,50069.48,50039.24,50049.92,1256910,0
2025-06-14 12:05:00,50049.92,50064.09,50049.21,50057.63,1389452,0
2025-06-14 12:10:00,50057.63,50084.3,50047.47,50079.41,1334058,0
2025-06-14 12:15:00,50079.41,50094.12,50070.25,50074.86,1186612,0
2025-06-14 12:20:00,50074.86,50107.45,50064.93,50097.2,1249717,0
2025-06-14 12:25:00,50097.2,50121.49,50093.1,50100.85,462504,0
2025-06-14 12:30:00,50100.85,50115.65,50060.71,50080.69,736126,0
2025-06-14 12:35:00,50080.69,50081.15,50048.55,50068.05,915315,0
2025-06-14 12:40:00,50068.05,50085.0,50049.97,50054.07,1286569,0
2025-06-14 12:45:00,50054.07,50055.94,49999.69,50017.85,864447,0
2025-06-14 12:50:00,50017.85,50027.33,50014.36,50026.79,820046,0
2025-06-14 12:55:00,50026.79,50030.08,50013.05,50023.81,227356,0
2025-06-14 13:00:00,50023.81,50025.55,50003.39,50004.47,1217696,0
2025-06-14 13:05:00,50004.47,50008.45,49998.7,50005.11,929546,0
2025-06-14 13:10:00,50005.11,50038.05,50004.42,50030.03,1179624,0
2025-06-14 13:15:00,50030.03,50073.33,50019.54,50070.04,1569624,0
2025-06-14 13:20:00,50070.04,50080.57,50066.44,50078.26,964366,0
2025-06-14 13:25:00,50078.26,50101.17,50075.69,50098.64,764297,0
2025-06-14 13:30:00,50098.64,50122.1,50080.22,50082.17,849917,0
2025-06-14 13:35:00,50082.17,50112.08,50075.84,50109.0,1092726,0
2025-06-14 13:40:00,50109.0,50110.85,50093.21,50108.34,976883,0
2025-06-14 13:45:00,50108.34,50134.53,50107.4,50114.28,329418,0
2025-06-14 13:50:00,50114.28,50144.26,50103.84,50113.32,761518,0
2025-06-14 13:55:00,50113.32,50133.76,50098.5,50125.64,957077,0
2025-06-14 14:00:00,50125.64,50150.83,50113.06,50130.34,1026599,0
2025-06-14 14:05:00,50130.34,50134.66,50108.9,50122.19,1254952,0
2025-06-14 14:10:00,50122.19,50140.17,50075.08,50093.86,813900,0
2025-06-14 14:15:00,50093.86,50113.75,50090.41,50095.53,1177208,0
2025-06-14 14:20:00,50095.53,50107.18,50090.17,50095.95,638518,0
2025-06-14 14:25:00,50095.95,50100.35,50055.38,50067.68,1237223,0
2025-06-14 14:30:00,50067.68,50070.92,50026.38,50031.73,1601734,0
2025-06-14 14:35:00,50031.73,50045.25,50021.17,50029.44,1028263,0
2025-06-14 14:40:00,50029.44,50033.97,50004.14,50007.01,894400,0
2025-06-14 14:45:00,50007.01,50022.48,49948.8,49974.41,846097,0
2025-06-14 14:50:00,49974.41,49997.11,49959.44,49979.62,1563286,0
2025-06-14 14:55:00,49979.62,49983.13,49959.57,49966.6,1263838,0
2025-06-14 15:00:00,49966.6,49969.13,49911.92,49929.64,1918710,0
2025-06-14 15:05:00,49929.64,49941.11,49873.71,49885.1,773692,0
2025-06-14 15:10:00,49885.1,49929.71,49879.89,49903.19,694335,0
2025-06-14 15:15:00,49903.19,49905.86,49854.9,49858.36,1028759,0
2025-06-14 15:20:00,49858.36,49862.69,49848.08,49851.62,938884,0
2025-06-14 15:25:00,49851.62,49858.9,49825.29,49825.43,1397434,0
2025-06-15 09:15:00,49825.43,49832.27,49788.11,49797.67,1365386,0
2025-06-15 09:20:00,49797.67,49811.77,49794.08,49801.83,1083384,0
2025-06-15 09:25:00,49801.83,49833.57,49801.21,49829.32,1581597,0
2025-06-15 09:30:00,49829.32,49845.77,49821.74,49843.02,1279397,0
2025-06-15 09:35:00,49843.02,49874.03,49831.18,49873.57,561759,0
2025-06-15 09:40:00,49873.57,49885.31,49866.99,49884.94,1772033,0
2025-06-15 09:45:00,49884.94,49895.02,49884.71,49891.33,431087,0
2025-06-15 09:50:00,49891.33,49900.23,49878.22,49883.92,788411,0
2025-06-15 09:55:00,49883.92,49922.63,49879.24,49910.5,996395,0
2025-06-15 10:00:00,49910.5,49924.83,49901.5,49917.56,721940,0
2025-06-15 10:05:00,49917.56,49926.92,49898.72,49912.87,1089229,0
2025-06-15 10:10:00,49912.87,49936.08,49906.83,49920.69,1127908,0
2025-06-15 10:15:00,49920.69,49935.34,49913.95,49933.04,1294337,0
2025-06-15 10:20:00,49933.04,49949.11,49929.81,49946.8,658445,0
2025-06-15 10:25:00,49946.8,49952.43,49930.22,49940.39,1164008,0
2025-06-15 10:30:00,49940.39,49973.4,49937.83,49965.19,813742,0
2025-06-15 10:35:00,49965.19,49976.85,49959.74,49970.61,823467,0
2025-06-15 10:40:00,49970.61,49997.24,49964.73,49995.01,746030,0
2025-06-15 10:45:00,49995.01,50018.54,49992.54,50010.44,1748769,0
2025-06-15 10:50:00,50010.44,50047.69,50007.56,50044.91,1313271,0
2025-06-15 10:55:00,50044.91,50055.46,50039.83,50043.1,1085976,0
2025-06-15 11:00:00,50043.1,50075.41,50041.55,50059.82,1049692,0
2025-06-15 11:05:00,50059.82,50104.8,50056.92,50096.05,1182681,0
2025-06-15 11:10:00,50096.05,50116.65,50083.77,50113.38,623918,0
2025-06-15 11:15:00,50113.38,50122.11,50100.57,50106.39,1225344,0
2025-06-15 11:20:00,50106.39,50108.17,50095.25,50106.33,861823,0
2025-06-15 11:25:00,50106.33,50127.07,50099.77,50121.68,1125262,0
2025-06-15 11:30:00,50121.68,50170.21,50115.41,50170.06,1189735,0
2025-06-15 11:35:00,50170.06,50189.93,50169.77,50188.56,659475,0
2025-06-15 11:40:00,50188.56,50189.91,50179.01,50180.5,870420,0
2025-06-15 11:45:00,50180.5,50181.05,50171.98,50180.02,972621,0
2025-06-15 11:50:00,50180.02,50196.77,50174.85,50191.87,1171939,0
2025-06-15 11:55:00,50191.87,50221.7,50186.54,50215.24,1087328,0
2025-06-15 12:00:00,50215.24,50239.88,50209.34,50230.26,886557,0
2025-06-15 12:05:00,50230.26,50245.79,50222.8,50242.03,1036461,0
2025-06-15 12:10:00,50242.03,50268.06,50240.05,50248.02,982723,0
2025-06-15 12:15:00,50248.02,50264.17,50237.02,50251.35,769290,0
2025-06-15 12:20:00,50251.35,50255.7,50206.07,50209.65,1055510,0
2025-06-15 12:25:00,50209.65,50231.8,50208.95,50224.01,960625,0
2025-06-15 12:30:00,50224.01,50251.1,50216.61,50250.92,619638,0
2025-06-15 12:35:00,50250.92,50261.22,50230.32,50254.4,1035879,0
2025-06-15 12:40:00,50254.4,50265.12,50241.16,50246.16,511819,0
2025-06-15 12:45:00,50246.16,50266.19,50242.21,50258.8,997302,0
2025-06-15 12:50:00,50258.8,50278.47,50251.75,50276.92,1645747,0
2025-06-15 12:55:00,50276.92,50286.85,50255.03,50279.83,1397476,0
2025-06-15 13:00:00,50279.83,50312.15,50274.77,50311.88,1327797,0
2025-06-15 13:05:00,50311.88,50317.95,50304.56,50313.0,822971,0
2025-06-15 13:10:00,50313.0,50347.23,50306.6,50338.41,907004,0
2025-06-15 13:15:00,50338.41,50345.04,50328.77,50337.82,1109961,0
2025-06-15 13:20:00,50337.82,50356.73,50328.68,50355.93,999253,0
2025-06-15 13:25:00,50355.93,50370.17,50346.73,50361.33,797031,0
2025-06-15 13:30:00,50361.33,50374.39,50351.8,50373.75,879368,0
2025-06-15 13:35:00,50373.75,50408.45,50364.62,50406.62,1255960,0
2025-06-15 13:40:00,50406.62,50448.19,50404.04,50416.93,937383,0
2025-06-15 13:45:00,50416.93,50466.61,50416.08,50449.95,1763420,0
2025-06-15 13:50:00,50449.95,50476.53,50446.37,50460.84,1490815,0
2025-06-15 13:55:00,50460.84,50482.71,50454.64,50475.11,903437,0
2025-06-15 14:00:00,50475.11,50502.07,50465.59,50489.96,1211027,0
2025-06-15 14:05:00,50489.96,50501.98,50469.49,50474.31,674599,0
2025-06-15 14:10:00,50474.31,50477.06,50460.76,50471.06,708990,0
2025-06-15 14:15:00,50471.06,50477.84,50461.45,50473.28,1193234,0
2025-06-15 14:20:00,50473.28,50486.66,50463.59,50479.91,879883,0
2025-06-15 14:25:00,50479.91,50496.77,50460.91,50493.73,833380,0
2025-06-15 14:30:00,50493.73,50524.44,50480.9,50523.72,1856714,0
2025-06-15 14:35:00,50523.72,50538.91,50520.11,50535.44,948296,0
2025-06-15 14:40:00,50535.44,50554.63,50520.86,50529.94,1274072,0
2025-06-15 14:45:00,50529.94,50552.81,50518.38,50543.73,816037,0
2025-06-15 14:50:00,50543.73,50571.88,50525.27,50557.05,1162068,0
2025-06-15 14:55:00,50557.05,50575.05,50545.58,50550.48,1668891,0
2025-06-15 15:00:00,50550.48,50581.05,50550.4,50578.72,1407537,0
2025-06-15 15:05:00,50578.72,50613.94,50578.41,50610.83,1250733,0
2025-06-15 15:10:00,50610.83,50634.83,50609.74,50633.62,1527908,0
2025-06-15 15:15:00,50633.62,50670.27,50618.07,50665.95,1045706,0
2025-06-15 15:20:00,50665.95,50713.05,50636.35,50708.14,853228,0
2025-06-15 15:25:00,50708.14,50714.75,50704.55,50710.96,1599109,0
2025-06-16 09:15:00,50710.96,50739.29,50700.92,50731.93,1527183,0
2025-06-16 09:20:00,50731.93,50765.1,50729.8,50758.84,1202367,0
2025-06-16 09:25:00,50758.84,50766.6,50758.51,50759.91,750803,0
2025-06-16 09:30:00,50759.91,50767.76,50731.95,50734.27,1120123,0
2025-06-16 09:35:00,50734.27,50739.5,50721.79,50728.34,1469314,0
2025-06-16 09:40:00,50728.34,50732.87,50712.22,50717.26,504458,0
2025-06-16 09:45:00,50717.26,50727.51,50675.83,50693.97,1451728,0
2025-06-16 09:50:00,50693.97,50719.56,50690.92,50715.7,1444361,0
2025-06-16 09:55:00,50715.7,50724.76,50700.36,50707.37,898356,0
2025-06-16 10:00:00,50707.37,50710.95,50672.49,50684.58,1058697,0
2025-06-16 10:05:00,50684.58,50695.89,50644.21,50648.33,1734519,0
2025-06-16 10:10:00,50648.33,50652.37,50635.47,50643.47,952407,0
2025-06-16 10:15:00,50643.47,50653.48,50615.64,50630.35,303855,0
2025-06-16 10:20:00,50630.35,50644.57,50626.07,50639.72,1554555,0
2025-06-16 10:25:00,50639.72,50646.83,50621.78,50623.14,1207063,0
2025-06-16 10:30:00,50623.14,50639.58,50596.72,50605.76,1471319,0
2025-06-16 10:35:00,50605.76,50610.47,50596.23,50598.96,836123,0
2025-06-16 10:40:00,50598.96,50630.26,50594.33,50628.29,1475479,0
2025-06-16 10:45:00,50628.29,50634.5,50616.42,50616.53,1058905,0
2025-06-16 10:50:00,50616.53,50638.37,50611.48,50615.0,294231,0
2025-06-16 10:55:00,50615.0,50617.81,50614.54,50617.42,1085894,0
2025-06-16 11:00:00,50617.42,50617.97,50607.01,50613.41,857394,0
2025-06-16 11:05:00,50613.41,50644.99,50581.14,50588.61,1154061,0
2025-06-16 11:10:00,50588.61,50589.83,50537.42,50547.16,1074498,0
2025-06-16 11:15:00,50547.16,50559.55,50541.23,50554.62,505908,0
2025-06-16 11:20:00,50554.62,50603.28,50538.65,50590.83,1487547,0
2025-06-16 11:25:00,50590.83,50616.86,50589.25,50607.94,944231,0
2025-06-16 11:30:00,50607.94,50611.42,50586.65,50608.81,1340893,0
2025-06-16 11:35:00,50608.81,50613.87,50597.47,50603.32,1134969,0
2025-06-16 11:40:00,50603.32,50626.87,50575.02,50579.27,1275970,0
2025-06-16 11:45:00,50579.27,50591.26,50564.15,50565.08,631598,0
2025-06-16 11:50:00,50565.08,50572.92,50527.26,50536.07,1036276,0
2025-06-16 11:55:00,50536.07,50556.48,50511.77,50515.45,1204783,0
2025-06-16 12:00:00,50515.45,50521.68,50475.73,50498.57,1375050,0
2025-06-16 12:05:00,50498.57,50501.57,50497.13,50499.7,1226499,0
2025-06-16 12:10:00,50499.7,50505.86,50451.63,50463.5,1712441,0
2025-06-16 12:15:00,50463.5,50491.73,50447.69,50468.73,986438,0
2025-06-16 12:20:00,50468.73,50482.56,50435.85,50456.16,1156612,0
2025-06-16 12:25:00,50456.16,50466.15,50448.62,50458.92,899689,0
2025-06-16 12:30:00,50458.92,50465.3,50432.67,50449.69,1525293,0
2025-06-16 12:35:00,50449.69,50463.06,50435.94,50447.18,735601,0
2025-06-16 12:40:00,50447.18,50449.79,50417.58,50418.27,1005197,0
2025-06-16 12:45:00,50418.27,50431.5,50385.35,50385.86,1022399,0
2025-06-16 12:50:00,50385.86,50402.01,50358.56,50359.42,1513177,0
2025-06-16 12:55:00,50359.42,50361.98,50337.09,50337.67,599490,0
2025-06-16 13:00:00,50337.67,50359.46,50329.87,50358.05,876300,0
2025-06-16 13:05:00,50358.05,50367.1,50342.78,50355.69,1105210,0
2025-06-16 13:10:00,50355.69,50372.94,50343.62,50358.76,1244934,0
2025-06-16 13:15:00,50358.76,50366.02,50315.34,50325.82,1382942,0
2025-06-16 13:20:00,50325.82,50340.34,50315.17,50317.14,595167,0
2025-06-16 13:25:00,50317.14,50334.43,50304.33,50309.85,1149841,0
2025-06-16 13:30:00,50309.85,50352.72,50305.43,50343.87,1415494,0
2025-06-16 13:35:00,50343.87,50353.92,50315.69,50319.17,476009,0
2025-06-16 13:40:00,50319.17,50329.82,50307.15,50308.21,731481,0
2025-06-16 13:45:00,50308.21,50310.52,50293.58,50310.32,1012570,0
2025-06-16 13:50:00,50310.32,50312.9,50276.74,50290.78,1219520,0
2025-06-16 13:55:00,50290.78,50319.99,50284.29,50294.21,936785,0
2025-06-16 14:00:00,50294.21,50296.42,50275.04,50279.03,1059881,0
2025-06-16 14:05:00,50279.03,50300.35,50268.73,50293.91,1235964,0
2025-06-16 14:10:00,50293.91,50297.2,50268.03,50293.37,757601,0
2025-06-16 14:15:00,50293.37,50303.28,50274.72,50295.45,1276432,0
2025-06-16 14:20:00,50295.45,50300.8,50275.1,50277.79,933304,0
2025-06-16 14:25:00,50277.79,50289.26,50275.54,50285.2,1024471,0
2025-06-16 14:30:00,50285.2,50294.44,50284.58,50292.04,841918,0
2025-06-16 14:35:00,50292.04,50336.09,50287.58,50325.12,1069304,0
2025-06-16 14:40:00,50325.12,50375.56,50317.44,50366.13,914088,0
2025-06-16 14:45:00,50366.13,50393.46,50361.13,50379.12,419275,0
2025-06-16 14:50:00,50379.12,50388.61,50363.58,50383.38,1346983,0
2025-06-16 14:55:00,50383.38,50391.7,50345.81,50353.13,1631750,0
2025-06-16 15:00:00,50353.13,50367.73,50343.55,50357.21,1202058,0
2025-06-16 15:05:00,50357.21,50358.98,50335.45,50348.74,817743,0
2025-06-16 15:10:00,50348.74,50358.71,50336.07,50344.52,973221,0
2025-06-16 15:15:00,50344.52,50362.67,50322.39,50333.42,1151004,0
2025-06-16 15:20:00,50333.42,50334.2,50312.9,50323.75,692126,0
2025-06-16 15:25:00,50323.75,50325.72,50305.04,50312.39,1486238,0
2025-06-17 09:15:00,50312.39,50341.62,50312.35,50333.78,1216815,0
2025-06-17 09:20:00,50333.78,50336.58,50327.99,50335.0,1213313,0
2025-06-17 09:25:00,50335.0,50353.25,50325.31,50351.83,794090,0
2025-06-17 09:30:00,50351.83,50367.51,50337.74,50367.4,1450678,0
2025-06-17 09:35:00,50367.4,50382.45,50362.19,50378.17,850601,0
2025-06-17 09:40:00,50378.17,50380.99,50368.85,50379.11,1491787,0
2025-06-17 09:45:00,50379.11,50390.98,50374.97,50388.56,670156,0
2025-06-17 09:50:00,50388.56,50406.95,50386.9,50403.11,1004525,0
2025-06-17 09:55:00,50403.11,50418.07,50387.04,50417.45,1125334,0
2025-06-17 10:00:00,50417.45,50435.53,50416.91,50433.2,1571413,0
2025-06-17 10:05:00,50433.2,50448.14,50427.74,50445.85,1172014,0
2025-06-17 10:10:00,50445.85,50458.6,50442.57,50445.07,1232191,0
2025-06-17 10:15:00,50445.07,50450.82,50444.29,50446.63,1394230,0
2025-06-17 10:20:00,50446.63,50451.83,50443.98,50449.38,1464248,0
2025-06-17 10:25:00,50449.38,50451.78,50433.23,50437.67,1522342,0
2025-06-17 10:30:00,50437.67,50444.23,50433.71,50442.7,1285782,0
2025-06-17 10:35:00,50442.7,50447.38,50436.53,50445.65,1581874,0
2025-06-17 10:40:00,50445.65,50459.84,50445.37,50459.61,1237006,0
2025-06-17 10:45:00,50459.61,50468.33,50454.07,50467.34,1427770,0
2025-06-17 10:50:00,50467.34,50469.6,50462.28,50462.79,1620017,0
2025-06-17 10:55:00,50462.79,50466.28,50459.81,50462.69,1498202,0
2025-06-17 11:00:00,50462.69,50467.93,50424.4,50438.69,1297252,0
2025-06-17 11:05:00,50438.69,50438.91,50426.22,50426.57,1314430,0
2025-06-17 11:10:00,50426.57,50450.27,50423.75,50448.24,1344458,0
2025-06-17 11:15:00,50448.24,50457.21,50439.03,50451.8,548277,0
2025-06-17 11:20:00,50451.8,50457.96,50447.13,50448.76,655360,0
2025-06-17 11:25:00,50448.76,50454.22,50418.1,50420.57,959346,0
2025-06-17 11:30:00,50420.57,50438.08,50415.96,50434.87,1065803,0
2025-06-17 11:35:00,50434.87,50447.82,50434.56,50443.45,813390,0
2025-06-17 11:40:00,50443.45,50454.06,50438.51,50452.83,1344449,0
2025-06-17 11:45:00,50452.83,50467.43,50452.07,50465.09,1036158,0
2025-06-17 11:50:00,50465.09,50465.46,50461.28,50464.53,719319,0
2025-06-17 11:55:00,50464.53,50466.4,50449.9,50452.86,849930,0
2025-06-17 12:00:00,50452.86,50486.4,50446.04,50481.77,1383105,0
2025-06-17 12:05:00,50481.77,50517.95,50468.37,50513.83,1026475,0
2025-06-17 12:10:00,50513.83,50533.93,50512.39,50533.14,1492809,0
2025-06-17 12:15:00,50533.14,50551.59,50528.22,50547.41,742758,0
2025-06-17 12:20:00,50547.41,50573.85,50544.15,50573.32,943116,0
2025-06-17 12:25:00,50573.32,50582.17,50566.61,50578.46,575560,0
2025-06-17 12:30:00,50578.46,50586.26,50572.67,50583.15,1111401,0
2025-06-17 12:35:00,50583.15,50596.44,50582.52,50592.56,1155306,0
2025-06-17 12:40:00,50592.56,50608.34,50586.91,50607.85,1078869,0
2025-06-17 12:45:00,50607.85,50627.98,50598.37,50625.42,1168356,0
2025-06-17 12:50:00,50625.42,50645.86,50623.21,50642.85,982585,0
2025-06-17 12:55:00,50642.85,50647.11,50640.62,50644.22,838577,0
2025-06-17 13:00:00,50644.22,50666.24,50641.17,50661.62,1577930,0
2025-06-17 13:05:00,50661.62,50682.38,50660.12,50680.51,1140881,0
2025-06-17 13:10:00,50680.51,50685.25,50661.69,50661.96,985769,0
2025-06-17 13:15:00,50661.96,50671.27,50660.28,50665.36,699698,0
2025-06-17 13:20:00,50665.36,50676.77,50664.54,50675.06,960967,0
2025-06-17 13:25:00,50675.06,50718.11,50673.03,50706.39,1155545,0
2025-06-17 13:30:00,50706.39,50716.21,50702.14,50711.5,1011233,0
2025-06-17 13:35:00,50711.5,50715.98,50710.95,50715.4,995976,0
2025-06-17 13:40:00,50715.4,50721.18,50711.46,50719.86,653217,0
2025-06-17 13:45:00,50719.86,50729.0,50710.9,50715.43,1097225,0
2025-06-17 13:50:00,50715.43,50732.54,50706.1,50725.06,865500,0
2025-06-17 13:55:00,50725.06,50739.15,50719.9,50734.68,884198,0
2025-06-17 14:00:00,50734.68,50759.36,50733.11,50744.41,1530562,0
2025-06-17 14:05:00,50744.41,50766.84,50739.24,50764.91,1420415,0
2025-06-17 14:10:00,50764.91,50773.29,50758.77,50759.81,230418,0
2025-06-17 14:15:00,50759.81,50763.85,50758.57,50760.43,1217576,0
2025-06-17 14:20:00,50760.43,50767.26,50756.77,50757.14,1025907,0
2025-06-17 14:25:00,50757.14,50764.55,50752.69,50758.13,1098873,0
2025-06-17 14:30:00,50758.13,50772.68,50751.23,50764.54,1035617,0
2025-06-17 14:35:00,50764.54,50795.35,50755.51,50792.32,205757,0
2025-06-17 14:40:00,50792.32,50812.89,50786.35,50812.38,836113,0
2025-06-17 14:45:00,50812.38,50830.94,50810.04,50826.51,942833,0
2025-06-17 14:50:00,50826.51,50838.6,50826.44,50835.76,1338442,0
2025-06-17 14:55:00,50835.76,50845.64,50825.42,50838.69,833264,0
2025-06-17 15:00:00,50838.69,50839.28,50838.34,50838.93,885181,0
2025-06-17 15:05:00,50838.93,50844.47,50838.02,50844.26,319396,0
2025-06-17 15:10:00,50844.26,50871.49,50841.22,50870.72,718875,0
2025-06-17 15:15:00,50870.72,50881.38,50863.03,50877.86,859952,0
2025-06-17 15:20:00,50877.86,50896.43,50875.49,50893.03,1002171,0
2025-06-17 15:25:00,50893.03,50925.59,50886.15,50915.7,529182,0
2025-06-18 09:15:00,50915.7,50919.81,50885.51,50896.78,789207,0
2025-06-18 09:20:00,50896.78,50901.22,50895.73,50898.96,710048,0
2025-06-18 09:25:00,50898.96,50905.33,50875.55,50875.79,1376294,0
2025-06-18 09:30:00,50875.79,50879.32,50869.44,50873.57,1018467,0
2025-06-18 09:35:00,50873.57,50874.69,50851.5,50862.89,524778,0
2025-06-18 09:40:00,50862.89,50869.67,50842.87,50851.07,865974,0
2025-06-18 09:45:00,50851.07,50852.32,50826.75,50835.67,1255582,0
2025-06-18 09:50:00,50835.67,50838.52,50827.89,50832.75,1040551,0
2025-06-18 09:55:00,50832.75,50834.62,50803.39,50815.44,1115302,0
2025-06-18 10:00:00,50815.44,50816.44,50783.73,50791.29,761006,0
2025-06-18 10:05:00,50791.29,50793.78,50761.84,50767.08,1294567,0
2025-06-18 10:10:00,50767.08,50773.23,50757.33,50760.36,1115228,0
2025-06-18 10:15:00,50760.36,50761.92,50742.65,50745.12,971551,0
2025-06-18 10:20:00,50745.12,50754.03,50736.36,50737.32,1392825,0
2025-06-18 10:25:00,50737.32,50745.53,50728.93,50735.1,761008,0
2025-06-18 10:30:00,50735.1,50735.6,50715.02,50718.46,1459768,0
2025-06-18 10:35:00,50718.46,50720.95,50699.57,50711.22,1057366,0
2025-06-18 10:40:00,50711.22,50712.24,50691.39,50703.17,1412409,0
2025-06-18 10:45:00,50703.17,50708.8,50700.3,50703.42,972784,0
2025-06-18 10:50:00,50703.42,50706.22,50686.28,50688.28,749203,0
2025-06-18 10:55:00,50688.28,50691.93,50678.61,50691.36,1000004,0
2025-06-18 11:00:00,50691.36,50696.8,50686.86,50688.75,1261422,0
2025-06-18 11:05:00,50688.75,50696.11,50675.75,50683.67,1362183,0
2025-06-18 11:10:00,50683.67,50691.06,50675.3,50689.26,1344913,0
2025-06-18 11:15:00,50689.26,50696.87,50679.57,50691.78,1173493,0
2025-06-18 11:20:00,50691.78,50695.52,50680.13,50681.56,549742,0
2025-06-18 11:25:00,50681.56,50686.9,50678.24,50680.32,849760,0
2025-06-18 11:30:00,50680.32,50684.55,50669.62,50670.52,1615793,0
2025-06-18 11:35:00,50670.52,50679.03,50670.38,50677.04,1285877,0
2025-06-18 11:40:00,50677.04,50689.43,50676.61,50684.79,492158,0
2025-06-18 11:45:00,50684.79,50704.32,50684.34,50692.77,402390,0
2025-06-18 11:50:00,50692.77,50700.11,50689.06,50695.05,1199385,0
2025-06-18 11:55:00,50695.05,50697.78,50688.31,50691.95,1053281,0
2025-06-18 12:00:00,50691.95,50698.15,50678.2,50680.06,1161293,0
2025-06-18 12:05:00,50680.06,50687.97,50663.04,50668.58,235799,0
2025-06-18 12:10:00,50668.58,50672.04,50653.35,50654.18,1240456,0
2025-06-18 12:15:00,50654.18,50660.65,50650.9,50656.67,1071167,0
2025-06-18 12:20:00,50656.67,50667.3,50623.56,50631.61,1251120,0
2025-06-18 12:25:00,50631.61,50633.16,50620.42,50623.19,1290302,0
2025-06-18 12:30:00,50623.19,50623.56,50593.94,50597.1,927262,0
2025-06-18 12:35:00,50597.1,50603.13,50586.93,50588.85,1275455,0
2025-06-18 12:40:00,50588.85,50593.84,50579.37,50580.82,950309,0
2025-06-18 12:45:00,50580.82,50583.21,50563.18,50564.49,604443,0
2025-06-18 12:50:00,50564.49,50566.86,50530.84,50535.4,1236041,0
2025-06-18 12:55:00,50535.4,50542.51,50522.45,50530.34,1527622,0
2025-06-18 13:00:00,50530.34,50532.69,50521.26,50526.49,866147,0
2025-06-18 13:05:00,50526.49,50531.43,50501.33,50505.68,1432112,0
2025-06-18 13:10:00,50505.68,50511.52,50487.08,50489.47,293801,0
2025-06-18 13:15:00,50489.47,50490.42,50472.93,50477.54,493752,0
2025-06-18 13:20:00,50477.54,50485.62,50470.53,50481.03,1001648,0
2025-06-18 13:25:00,50481.03,50494.96,50477.04,50486.72,797114,0
2025-06-18 13:30:00,50486.72,50493.01,50463.11,50463.15,870607,0
2025-06-18 13:35:00,50463.15,50473.26,50443.03,50454.93,1452776,0
2025-06-18 13:40:00,50454.93,50462.34,50454.92,50456.47,1313525,0
2025-06-18 13:45:00,50456.47,50457.3,50448.89,50455.02,788040,0
2025-06-18 13:50:00,50455.02,50455.12,50446.95,50448.48,915752,0
2025-06-18 13:55:00,50448.48,50448.67,50435.27,50441.13,1277260,0
2025-06-18 14:00:00,50441.13,50442.35,50420.2,50421.85,1203860,0
2025-06-18 14:05:00,50421.85,50426.83,50383.0,50386.79,1541274,0
2025-06-18 14:10:00,50386.79,50387.06,50355.44,50366.15,1019996,0
2025-06-18 14:15:00,50366.15,50368.55,50363.83,50368.33,1031870,0
2025-06-18 14:20:00,50368.33,50375.67,50362.82,50371.83,825956,0
2025-06-18 14:25:00,50371.83,50373.07,50363.33,50367.3,1414084,0
2025-06-18 14:30:00,50367.3,50371.41,50340.69,50348.72,1701996,0
2025-06-18 14:35:00,50348.72,50351.41,50333.47,50340.96,1038450,0
2025-06-18 14:40:00,50340.96,50342.38,50332.18,50338.2,1707384,0
2025-06-18 14:45:00,50338.2,50343.91,50315.47,50320.38,1570927,0
2025-06-18 14:50:00,50320.38,50321.83,50320.18,50321.07,758459,0
2025-06-18 14:55:00,50321.07,50326.8,50319.61,50324.67,1200660,0
2025-06-18 15:00:00,50324.67,50325.99,50316.89,50316.94,1277243,0
2025-06-18 15:05:00,50316.94,50330.19,50312.45,50326.91,989872,0
2025-06-18 15:10:00,50326.91,50330.57,50314.0,50314.96,632977,0
2025-06-18 15:15:00,50314.96,50315.42,50298.92,50301.77,1510441,0
2025-06-18 15:20:00,50301.77,50309.46,50295.85,50297.32,1046676,0
2025-06-18 15:25:00,50297.32,50297.39,50279.13,50279.2,680454,0
2025-06-19 09:15:00,50279.2,50282.43,50273.15,50277.21,1150606,0
2025-06-19 09:20:00,50277.21,50297.26,50267.55,50270.94,1355089,0
2025-06-19 09:25:00,50270.94,50271.72,50231.55,50242.63,913348,0
2025-06-19 09:30:00,50242.63,50251.74,50220.98,50232.35,1026419,0
2025-06-19 09:35:00,50232.35,50241.81,50222.57,50227.19,763094,0
2025-06-19 09:40:00,50227.19,50230.65,50209.26,50213.62,432680,0
2025-06-19 09:45:00,50213.62,50223.96,50194.95,50206.24,1089905,0
2025-06-19 09:50:00,50206.24,50211.13,50175.32,50188.52,758804,0
2025-06-19 09:55:00,50188.52,50210.64,50183.44,50195.05,1005045,0
2025-06-19 10:00:00,50195.05,50201.73,50173.02,50187.41,981575,0
2025-06-19 10:05:00,50187.41,50221.56,50175.25,50211.82,922285,0
2025-06-19 10:10:00,50211.82,50212.38,50204.92,50205.34,1931282,0
2025-06-19 10:15:00,50205.34,50206.94,50181.12,50185.43,1099076,0
2025-06-19 10:20:00,50185.43,50192.73,50178.01,50178.76,1186794,0
2025-06-19 10:25:00,50178.76,50182.74,50168.56,50178.43,1282731,0
2025-06-19 10:30:00,50178.43,50186.61,50171.91,50176.1,945726,0
2025-06-19 10:35:00,50176.1,50179.45,50169.27,50175.81,645000,0
2025-06-19 10:40:00,50175.81,50177.45,50139.16,50149.43,831751,0
2025-06-19 10:45:00,50149.43,50158.76,50131.44,50134.09,1298749,0
2025-06-19 10:50:00,50134.09,50137.15,50115.59,50119.35,859543,0
2025-06-19 10:55:00,50119.35,50127.7,50095.31,50101.48,1269771,0
2025-06-19 11:00:00,50101.48,50120.53,50092.03,50106.72,1143775,0
2025-06-19 11:05:00,50106.72,50121.61,50106.37,50118.91,978378,0
2025-06-19 11:10:00,50118.91,50126.03,50112.85,50123.85,548770,0
2025-06-19 11:15:00,50123.85,50138.14,50109.91,50114.28,976240,0
2025-06-19 11:20:00,50114.28,50116.63,50091.18,50096.32,1034125,0
2025-06-19 11:25:00,50096.32,50105.34,50090.81,50100.45,1267336,0
2025-06-19 11:30:00,50100.45,50113.97,50077.81,50112.99,1379045,0
2025-06-19 11:35:00,50112.99,50123.55,50112.31,50117.43,1450080,0
2025-06-19 11:40:00,50117.43,50149.51,50111.94,50139.19,732097,0
2025-06-19 11:45:00,50139.19,50156.87,50128.79,50148.2,1116795,0
2025-06-19 11:50:00,50148.2,50160.83,50144.72,50154.52,1191105,0
2025-06-19 11:55:00,50154.52,50155.26,50128.58,50139.11,476059,0
2025-06-19 12:00:00,50139.11,50147.63,50133.01,50142.37,1348795,0
2025-06-19 12:05:00,50142.37,50146.49,50126.67,50131.29,501617,0
2025-06-19 12:10:00,50131.29,50134.58,50123.93,50127.01,1614019,0
2025-06-19 12:15:00,50127.01,50129.68,50094.43,50101.38,1400621,0
2025-06-19 12:20:00,50101.38,50104.03,50089.3,50095.9,797695,0
2025-06-19 12:25:00,50095.9,50116.63,50092.55,50104.25,772526,0
2025-06-19 12:30:00,50104.25,50124.8,50103.54,50107.84,1456484,0
2025-06-19 12:35:00,50107.84,50108.13,50090.83,50095.16,1182623,0
2025-06-19 12:40:00,50095.16,50100.81,50071.13,50078.04,1443050,0
2025-06-19 12:45:00,50078.04,50104.25,50077.1,50091.65,974703,0
2025-06-19 12:50:00,50091.65,50115.68,50084.79,50110.69,785125,0
2025-06-19 12:55:00,50110.69,50120.33,50110.51,50119.09,1363746,0
2025-06-19 13:00:00,50119.09,50137.85,50105.6,50128.56,1123359,0
2025-06-19 13:05:00,50128.56,50148.06,50123.98,50137.4,792037,0
2025-06-19 13:10:00,50137.4,50148.77,50122.54,50136.67,759337,0
2025-06-19 13:15:00,50136.67,50144.51,50133.96,50140.61,1139389,0
2025-06-19 13:20:00,50140.61,50154.39,50132.91,50142.6,691912,0
2025-06-19 13:25:00,50142.6,50157.22,50140.4,50150.98,1381323,0
2025-06-19 13:30:00,50150.98,50153.87,50150.13,50152.47,401954,0
2025-06-19 13:35:00,50152.47,50157.14,50140.19,50148.48,1450151,0
2025-06-19 13:40:00,50148.48,50151.5,50144.53,50151.29,1102904,0
2025-06-19 13:45:00,50151.29,50168.39,50151.26,50162.61,1317013,0
2025-06-19 13:50:00,50162.61,50163.01,50132.15,50135.15,1097146,0
2025-06-19 13:55:00,50135.15,50136.11,50104.6,50118.04,988378,0
2025-06-19 14:00:00,50118.04,50131.97,50110.76,50114.6,1561597,0
2025-06-19 14:05:00,50114.6,50127.05,50105.33,50110.58,1112245,0
2025-06-19 14:10:00,50110.58,50114.94,50104.89,50105.42,1295007,0
2025-06-19 14:15:00,50105.42,50107.63,50098.95,50100.71,1321294,0
2025-06-19 14:20:00,50100.71,50118.07,50096.03,50113.41,1177329,0
2025-06-19 14:25:00,50113.41,50142.7,50104.66,50134.69,1027191,0
2025-06-19 14:30:00,50134.69,50136.56,50112.56,50123.77,627818,0
2025-06-19 14:35:00,50123.77,50129.56,50093.18,50095.19,1329162,0
2025-06-19 14:40:00,50095.19,50103.4,50078.6,50090.91,1377858,0
2025-06-19 14:45:00,50090.91,50096.03,50073.0,50082.25,1044816,0
2025-06-19 14:50:00,50082.25,50090.32,50069.07,50080.15,1019737,0
2025-06-19 14:55:00,50080.15,50083.68,50055.79,50061.22,1480784,0
2025-06-19 15:00:00,50061.22,50067.7,50036.27,50045.78,584249,0
2025-06-19 15:05:00,50045.78,50053.93,50043.97,50047.23,644057,0
2025-06-19 15:10:00,50047.23,50065.92,50045.99,50057.54,1039478,0
2025-06-19 15:15:00,50057.54,50071.25,50052.75,50066.87,1076358,0
2025-06-19 15:20:00,50066.87,50096.01,50056.34,50080.03,1160398,0
2025-06-19 15:25:00,50080.03,50087.15,50058.35,50064.9,873252,0
2025-06-20 09:15:00,50064.9,50069.81,50064.09,50064.15,604802,0
2025-06-20 09:20:00,50064.15,50075.74,50052.35,50075.21,842961,0
2025-06-20 09:25:00,50075.21,50075.55,50028.73,50041.89,1214845,0
2025-06-20 09:30:00,50041.89,50050.73,50008.12,50025.97,770713,0
2025-06-20 09:35:00,50025.97,50031.76,49984.88,50003.73,1493615,0
2025-06-20 09:40:00,50003.73,50016.44,49998.06,50007.31,969560,0
2025-06-20 09:45:00,50007.31,50008.73,49973.17,49983.07,1267009,0
2025-06-20 09:50:00,49983.07,50004.86,49979.3,49989.86,1311329,0
2025-06-20 09:55:00,49989.86,49994.72,49977.18,49981.99,923421,0
2025-06-20 10:00:00,49981.99,49992.77,49973.0,49981.96,1190806,0
2025-06-20 10:05:00,49981.96,50006.43,49975.15,49996.42,912495,0
2025-06-20 10:10:00,49996.42,50011.22,49988.22,49996.83,1240838,0
2025-06-20 10:15:00,49996.83,50039.32,49986.82,50032.17,960035,0
2025-06-20 10:20:00,50032.17,50056.21,50030.06,50032.3,837275,0
2025-06-20 10:25:00,50032.3,50048.29,50026.2,50044.71,1239059,0
2025-06-20 10:30:00,50044.71,50066.77,50039.71,50058.97,403675,0
2025-06-20 10:35:00,50058.97,50066.51,50036.09,50036.85,826995,0
2025-06-20 10:40:00,50036.85,50049.29,50015.62,50017.35,1225184,0
2025-06-20 10:45:00,50017.35,50017.48,50001.47,50017.12,815200,0
2025-06-20 10:50:00,50017.12,50021.21,50004.49,50005.25,1486997,0
2025-06-20 10:55:00,50005.25,50025.27,49998.36,50015.24,1242044,0
2025-06-20 11:00:00,50015.24,50023.86,49996.2,49997.83,664057,0
2025-06-20 11:05:00,49997.83,50001.39,49995.52,49999.19,995549,0
2025-06-20 11:10:00,49999.19,50005.38,49980.95,49981.39,1138937,0
2025-06-20 11:15:00,49981.39,49993.11,49971.57,49980.65,340678,0
2025-06-20 11:20:00,49980.65,50000.71,49979.31,49988.41,1150050,0
2025-06-20 11:25:00,49988.41,50011.27,49987.74,49999.04,1554261,0
2025-06-20 11:30:00,49999.04,50043.01,49995.61,50032.98,868167,0
2025-06-20 11:35:00,50032.98,50054.13,50027.29,50052.52,907867,0
2025-06-20 11:40:00,50052.52,50054.19,50047.86,50050.36,1158925,0
2025-06-20 11:45:00,50050.36,50064.0,50018.02,50034.52,1825971,0
2025-06-20 11:50:00,50034.52,50049.56,50026.67,50036.12,1160692,0
2025-06-20 11:55:00,50036.12,50072.53,50034.85,50060.21,1179276,0
2025-06-20 12:00:00,50060.21,50083.75,50044.33,50080.26,1286600,0
2025-06-20 12:05:00,50080.26,50105.42,50076.15,50104.58,979254,0
2025-06-20 12:10:00,50104.58,50115.01,50086.02,50089.95,1220273,0
2025-06-20 12:15:00,50089.95,50123.98,50084.34,50113.26,1163945,0
2025-06-20 12:20:00,50113.26,50121.22,50102.19,50104.1,748080,0
2025-06-20 12:25:00,50104.1,50105.83,50090.11,50099.6,1140401,0
2025-06-20 12:30:00,50099.6,50107.56,50097.69,50104.31,808669,0
2025-06-20 12:35:00,50104.31,50111.2,50087.15,50107.82,1420190,0
2025-06-20 12:40:00,50107.82,50121.85,50106.92,50118.01,672631,0
2025-06-20 12:45:00,50118.01,50119.04,50110.3,50112.63,1167748,0
2025-06-20 12:50:00,50112.63,50133.49,50105.7,50126.47,1504415,0
2025-06-20 12:55:00,50126.47,50146.01,50125.38,50142.05,1047087,0
2025-06-20 13:00:00,50142.05,50147.85,50116.3,50143.05,1061930,0
2025-06-20 13:05:00,50143.05,50170.34,50138.12,50153.22,1419501,0
2025-06-20 13:10:00,50153.22,50204.97,50146.37,50160.4,1611339,0
2025-06-20 13:15:00,50160.4,50175.83,50089.97,50118.12,1492783,0
2025-06-20 13:20:00,50118.12,50141.98,50099.31,50103.84,1416654,0
2025-06-20 13:25:00,50103.84,50110.06,50099.66,50104.12,443005,0
2025-06-20 13:30:00,50104.12,50132.48,50092.65,50114.71,456571,0
2025-06-20 13:35:00,50114.71,50123.3,50066.88,50083.06,1171534,0
2025-06-20 13:40:00,50083.06,50097.58,50071.7,50079.6,1197628,0
2025-06-20 13:45:00,50079.6,50081.35,50044.26,50064.06,977987,0
2025-06-20 13:50:00,50064.06,50065.78,50052.95,50056.79,1109617,0
2025-06-20 13:55:00,50056.79,50059.7,50035.9,50046.07,1024958,0
2025-06-20 14:00:00,50046.07,50048.2,50039.5,50046.31,1158034,0
2025-06-20 14:05:00,50046.31,50050.23,50031.27,50031.55,982586,0
2025-06-20 14:10:00,50031.55,50036.71,50000.95,50017.66,1184310,0
2025-06-20 14:15:00,50017.66,50026.29,50009.96,50015.36,1580140,0
2025-06-20 14:20:00,50015.36,50024.25,49993.44,50003.54,538943,0
2025-06-20 14:25:00,50003.54,50042.09,49997.43,50028.17,854348,0
2025-06-20 14:30:00,50028.17,50071.15,50025.44,50067.58,1628221,0
2025-06-20 14:35:00,50067.58,50109.63,50065.05,50087.28,979383,0
2025-06-20 14:40:00,50087.28,50106.03,50073.41,50076.24,1398559,0
2025-06-20 14:45:00,50076.24,50082.31,50066.14,50082.11,1097397,0
2025-06-20 14:50:00,50082.11,50104.98,50080.42,50100.61,853416,0
2025-06-20 14:55:00,50100.61,50151.11,50096.72,50119.31,1864603,0
2025-06-20 15:00:00,50119.31,50121.76,50089.74,50089.82,1008696,0
2025-06-20 15:05:00,50089.82,50104.75,50088.27,50099.96,1289876,0
2025-06-20 15:10:00,50099.96,50132.25,50097.76,50099.29,1061888,0
2025-06-20 15:15:00,50099.29,50104.81,50049.2,50060.86,791559,0
2025-06-20 15:20:00,50060.86,50061.18,49989.97,50003.89,1297534,0
2025-06-20 15:25:00,50003.89,50022.76,49974.7,49979.29,1321397,0
2025-06-21 09:15:00,49979.29,49988.63,49970.27,49975.08,1217127,0
2025-06-21 09:20:00,49975.08,49982.25,49956.93,49971.94,565421,0
2025-06-21 09:25:00,49971.94,49973.01,49945.11,49948.31,1215524,0
2025-06-21 09:30:00,49948.31,49959.63,49941.11,49950.15,1080771,0
2025-06-21 09:35:00,49950.15,49951.7,49923.27,49925.93,143726,0
2025-06-21 09:40:00,49925.93,49953.65,49921.01,49948.98,1693449,0
2025-06-21 09:45:00,49948.98,49950.07,49934.29,49938.31,1548908,0
2025-06-21 09:50:00,49938.31,49939.55,49913.29,49923.23,1250984,0
2025-06-21 09:55:00,49923.23,49932.39,49886.92,49907.87,1172020,0
2025-06-21 10:00:00,49907.87,49909.27,49884.45,49895.26,883257,0
2025-06-21 10:05:00,49895.26,49907.95,49867.06,49876.83,936832,0
2025-06-21 10:10:00,49876.83,49891.43,49856.18,49860.61,807487,0
2025-06-21 10:15:00,49860.61,49871.95,49824.55,49833.85,1142245,0
2025-06-21 10:20:00,49833.85,49843.13,49800.97,49809.16,1241027,0
2025-06-21 10:25:00,49809.16,49831.5,49802.76,49829.81,1226337,0
2025-06-21 10:30:00,49829.81,49841.31,49810.74,49816.52,1401779,0
2025-06-21 10:35:00,49816.52,49819.63,49789.44,49797.38,1050733,0
2025-06-21 10:40:00,49797.38,49805.72,49757.01,49772.62,1263733,0
2025-06-21 10:45:00,49772.62,49779.91,49758.83,49765.19,913233,0
2025-06-21 10:50:00,49765.19,49767.41,49753.52,49757.14,1142760,0
2025-06-21 10:55:00,49757.14,49768.11,49736.91,49738.12,1033810,0
2025-06-21 11:00:00,49738.12,49742.31,49683.51,49691.48,1991719,0
2025-06-21 11:05:00,49691.48,49695.92,49653.52,49662.67,1206628,0
2025-06-21 11:10:00,49662.67,49669.36,49646.67,49648.12,479166,0
2025-06-21 11:15:00,49648.12,49655.44,49647.83,49649.08,576790,0
2025-06-21 11:20:00,49649.08,49651.38,49628.92,49629.02,1244226,0
2025-06-21 11:25:00,49629.02,49643.11,49621.08,49637.06,1474050,0
2025-06-21 11:30:00,49637.06,49638.08,49628.73,49637.78,1325516,0
2025-06-21 11:35:00,49637.78,49649.98,49630.84,49637.98,918512,0
2025-06-21 11:40:00,49637.98,49640.38,49628.59,49640.2,1405693,0
2025-06-21 11:45:00,49640.2,49659.8,49631.64,49649.86,1193071,0
2025-06-21 11:50:00,49649.86,49663.46,49629.18,49631.55,1488934,0
2025-06-21 11:55:00,49631.55,49648.2,49622.43,49623.89,1772652,0
2025-06-21 12:00:00,49623.89,49624.08,49603.66,49614.22,1381550,0
2025-06-21 12:05:00,49614.22,49619.55,49582.25,49592.82,1454447,0
2025-06-21 12:10:00,49592.82,49598.45,49592.4,49595.46,995259,0
2025-06-21 12:15:00,49595.46,49611.17,49592.42,49598.35,1606890,0
2025-06-21 12:20:00,49598.35,49605.12,49591.51,49603.18,1535969,0
2025-06-21 12:25:00,49603.18,49636.48,49602.97,49626.68,1052479,0
2025-06-21 12:30:00,49626.68,49645.19,49623.1,49631.37,1159815,0
2025-06-21 12:35:00,49631.37,49634.08,49621.37,49622.7,1083974,0
2025-06-21 12:40:00,49622.7,49640.18,49622.27,49638.2,817870,0
2025-06-21 12:45:00,49638.2,49654.49,49624.8,49643.21,1086062,0
2025-06-21 12:50:00,49643.21,49644.52,49638.85,49643.25,1094394,0
2025-06-21 12:55:00,49643.25,49644.39,49629.8,49633.53,960347,0
2025-06-21 13:00:00,49633.53,49647.62,49594.04,49616.41,724300,0
2025-06-21 13:05:00,49616.41,49624.31,49579.8,49580.66,1447516,0
2025-06-21 13:10:00,49580.66,49582.07,49566.42,49570.78,841733,0
2025-06-21 13:15:00,49570.78,49570.95,49540.52,49553.6,737542,0
2025-06-21 13:20:00,49553.6,49559.9,49518.07,49520.1,1350802,0
2025-06-21 13:25:00,49520.1,49532.34,49465.2,49470.67,413524,0
2025-06-21 13:30:00,49470.67,49485.72,49460.88,49467.84,747605,0
2025-06-21 13:35:00,49467.84,49500.22,49449.08,49473.75,1238168,0
2025-06-21 13:40:00,49473.75,49477.27,49432.99,49434.7,1234201,0
2025-06-21 13:45:00,49434.7,49441.14,49387.24,49399.2,1549989,0
2025-06-21 13:50:00,49399.2,49410.77,49359.72,49372.88,1111393,0
2025-06-21 13:55:00,49372.88,49397.17,49366.29,49387.09,1045564,0
2025-06-21 14:00:00,49387.09,49399.68,49378.34,49381.95,1078586,0
2025-06-21 14:05:00,49381.95,49382.37,49355.91,49366.67,1077481,0
2025-06-21 14:10:00,49366.67,49371.33,49341.08,49345.65,684509,0
2025-06-21 14:15:00,49345.65,49358.01,49315.61,49317.32,1352978,0
2025-06-21 14:20:00,49317.32,49322.01,49257.3,49258.63,1148973,0
2025-06-21 14:25:00,49258.63,49262.73,49218.74,49236.26,1388545,0
2025-06-21 14:30:00,49236.26,49238.85,49216.01,49223.99,620409,0
2025-06-21 14:35:00,49223.99,49237.3,49212.25,49213.92,635490,0
2025-06-21 14:40:00,49213.92,49214.36,49197.3,49204.43,1229475,0
2025-06-21 14:45:00,49204.43,49208.93,49133.81,49142.09,885178,0
2025-06-21 14:50:00,49142.09,49145.48,49099.17,49112.71,1358301,0
2025-06-21 14:55:00,49112.71,49113.1,49100.11,49107.27,733382,0
2025-06-21 15:00:00,49107.27,49124.62,49098.48,49112.15,974846,0
2025-06-21 15:05:00,49112.15,49126.24,49099.89,49101.1,1239334,0
2025-06-21 15:10:00,49101.1,49105.21,49064.85,49065.59,984416,0
2025-06-21 15:15:00,49065.59,49083.76,49057.27,49060.13,1513143,0
2025-06-21 15:20:00,49060.13,49075.05,49057.64,49071.83,867798,0
2025-06-21 15:25:00,49071.83,49076.32,49052.41,49059.07,1291040,0
